,慶豐商業銀行,三信商業銀行,花蓮區中小企業銀行,中央信託局,中國農民銀行,台北富邦商業銀行,高雄區中小企業銀行,連線商業銀行,台中商業銀行,中華商業銀行,王道商業銀行,臺灣中小企業銀行,中國信託商業銀行,玉山商業銀行,凱基商業銀行,瑞興商業銀行,安泰商業銀行,聯邦商業銀行,臺北國際商業銀行,華泰商業銀行,星展(台灣)商業銀行,合作金庫銀行,大眾商業銀行,交通銀行,國泰世華商業銀行,第一商業銀行,兆豐國際商業銀行,元大商業銀行,台新國際商業銀行,花旗(台灣)商業銀行,臺東區中小企業銀行,華南商業銀行,高雄銀行,陽信商業銀行,第七商業銀行,將來商業銀行,臺灣新光商業銀行,上海商業儲蓄銀行,日盛國際商業銀行,彰化商業銀行,臺灣銀行,中華開發工業銀行,臺灣土地銀行,渣打國際商業銀行,澳盛(台灣)商業銀行,樂天國際商業銀行,匯豐(台灣)商業銀行,遠東國際商業銀行,京城商業銀行,板信商業銀行,中國輸出入銀行,永豐商業銀行
2017年1月,0.3270668413776175,0.33005984482098744,,,,0.3711325578593706,,,0.13954975697109234,,,0.17141549276691945,0.3669496203642343,0.24747374376492748,0.23775373211396575,0.2214210341188885,0.3173108440696234,0.3145123946531658,,0.14002075718604756,0.37063490862501197,0.28091944837616917,,,0.28159953386192055,0.2161304546333813,0.14461061617650076,0.30673632972021225,0.38925263192926796,0.607236943514146,,0.27088422657687977,0.2157893205296086,0.1436019725069599,,,0.34034572862725165,0.18541174945768585,0.3350521393721621,0.21431625627055287,0.30560058956720526,,0.43442219245550745,0.590952711995043,0.5014745637748833,,0.5898417322234548,0.40183229987151553,0.10234201828493898,0.17222523990584826,,0.31242782837039407
2017年2月,0.33086766393097106,0.33149664147774976,,,,0.37620042922796776,,,0.1408971270469239,,,0.1710101605751064,0.3666958493306295,0.24787862950785636,0.23791207530721642,0.22159192027051078,0.31660074873865907,0.31496569837286714,,0.13984626547548865,0.3657690047704887,0.28013087948060816,,,0.2818092719793996,0.2158696064185988,0.14489011419130532,0.3058318961791593,0.38487557778623804,0.6050300234966496,,0.2710261934183663,0.214219103350197,0.14313512535071046,,,0.340101030110935,0.1861983929494478,0.3380452537338121,0.21525665409779474,0.3026232458635063,,0.43444961054799913,0.5958631968091028,0.5054329930852816,,0.6104234811810371,0.4029326933910183,0.10182060179683415,0.1719443880068499,,0.3129305997100066
2017年3月,0.33407550822846077,0.32809994309658064,,,,0.37069080366572293,,,0.14229861641232444,,1.3886767299440364e-05,0.1672979268487949,0.3781095630486081,0.24694779549743462,0.23288164137414263,0.22054827807108618,0.31439749263350736,0.3171572141474378,,0.14189690392230705,0.3628475305353302,0.27834016280527274,,,0.2833171426454486,0.2139101398635273,0.14640998953167614,0.3067561593349612,0.38217320812613575,0.6024510345589658,,0.26771347673370033,0.21229709903496005,0.14157316858164248,,,0.3388760376629212,0.1835283061117859,0.3353637528768105,0.21536511377067794,0.3029006155347546,,0.43359831077562205,0.5845165486287307,0.5173368847821987,,0.6199261504838113,0.40301449635543607,0.0992149420852461,0.17045397542011537,,0.31370132708627246
2017年4月,0.32566891617858224,0.3286961428950091,,,,0.36863201493003284,,,0.14342978540435203,,0.0010887507463210762,0.168731245819743,0.362881758009475,0.245678127338404,0.23488619411252087,0.21858465608465608,0.3167354642179153,0.3123789950764394,,0.14329180115457144,0.35954193620943414,0.27681368967427217,,,0.2878789660972503,0.2149950878831208,0.14488531426869228,0.30859526360175965,0.380756706047142,0.5969837729439931,,0.2680328677948256,0.21196631529356338,0.14116256839855187,,,0.34105693368816786,0.18315288603114996,0.3334454635325132,0.21881353462672182,0.30719279647377434,,0.4330235691844301,0.5754158528310234,0.53830727522561,,0.6129849831178812,0.41109207229392875,0.09840751004681936,0.16975885199966034,,0.3100576267593455
2017年5月,0.3221279041010198,0.32794933644724394,,,,0.3750050030366257,,,0.14502360913887252,,0.002508989977713059,0.1678193267098107,0.3595013399161232,0.24420481416410647,0.23102578294027587,0.2158267078432661,0.315986001482709,0.3111306553911205,,0.14565724959140788,0.35407595083041116,0.2738955291529377,,,0.29089836145981823,0.21366743330563126,0.1428455346307461,0.3096495538815313,0.37962537865460694,0.592790692974597,,0.2652103761326177,0.21218532214478736,0.13856063559243378,,,0.34369817578772804,0.18184106220768786,0.3325864166557837,0.2182720951851995,0.31169170346247826,,0.4378815039554461,0.5838309846231486,0.5639566006449844,,0.6067307203497534,0.4115239510689379,0.09696847242405639,0.1671130341627653,,0.3107118641795896
2017年6月,0.31778522640574774,0.32691227771632775,,,,0.3786407344180051,,,0.14670489354875196,,0.004705683816991088,0.16574631155752548,0.37501324723221163,0.24345205671563425,0.2332394346057326,0.2151517775949422,0.31303851731786386,0.3171745294825594,,0.14622122297946089,0.34002933633461874,0.2743089441633082,,,0.297216264327737,0.2141101142145544,0.1423159619125627,0.3102380223290766,0.3793594745629877,0.585120908695136,,0.26958110941609614,0.20814514231945425,0.13512865067651572,,,0.34267174228158825,0.17717886098493382,0.33659824784473724,0.2180481768916889,0.31013189565127125,,0.43480495956734316,0.5874291824199324,0.5383170737855756,,0.6179507952074361,0.41373125149475554,0.09309246280124434,0.1690112230457749,,0.3129036557458892
2017年7月,0.3186497766713041,0.3259996075788468,,,,0.3817581787459358,,,0.14784486845361017,,0.006974357674960726,0.16710248553587792,0.36380766731643926,0.24176011333921948,0.23267952791488736,0.21488446838082,0.315577220180065,0.3136352180122658,,0.1464685860161679,0.32725073226068035,0.2742549744067527,,,0.29674413302745756,0.21378646837182214,0.1431308022765085,0.31214585486743296,0.3779854862119013,0.5920008239722773,,0.2686621741958709,0.20597123955062535,0.13584709061899644,,,0.34902584710646883,0.17587700379552587,0.334652612867836,0.2186113084680803,0.30534941460137305,,0.4356831624700593,0.5836375184615502,0.5359693942398129,,0.628212932320513,0.41842318259025774,0.09115961199294532,0.16806031146043282,,0.3157501831896675
2017年8月,0.3158596114597823,0.3262087428048478,,,,0.38079664548516345,,,0.1475200692694924,,0.01461439467654352,0.16603154152291053,0.3605612960618606,0.24027137326149395,0.23343417281625986,0.21692035552837893,0.32351857471065065,0.3124960508156105,,0.14734656867423881,0.3226835670042962,0.2715612312274343,,,0.2930964584192604,0.21391818205200752,0.14249170284881105,0.31158754973241687,0.3762909147232304,0.576558431514089,,0.2665076784914122,0.20191938132563098,0.1348526437445825,,,0.3474899893322614,0.17472092015598534,0.33120802862710746,0.21589245288673592,0.3065961696346248,,0.4351672056975994,0.572917410504557,0.5354813026505034,,0.6237557922736016,0.413949141016564,0.08808426690216578,0.16628734585781677,,0.3102977727959452
2017年9月,0.31822352251916974,0.32570577714642684,,,,0.3855514830469914,,,0.1481764844149679,,0.019487045860631328,0.15994671603711816,0.373722512410692,0.23877324551948928,0.23140253757879425,0.21963525171999562,0.32482649944415065,0.3133548720257405,,0.14712240584166025,0.32326089975006944,0.27199673345887176,,,0.284439700561754,0.21331287362935966,0.1440353758060064,0.3089444389796052,0.37372945188471535,0.5877079159217266,,0.2665788920565641,0.20148880488514104,0.1349287937715218,,,0.34674423133464943,0.1753703913141823,0.33133521548898137,0.21609387190153043,0.3093585013104836,,0.43322052913991826,0.5756102866443892,0.5519258832822352,,0.6179886051354937,0.40860666996318884,0.08589198772971604,0.17038726963888473,,0.30964901985138527
2017年10月,0.3217135343513732,0.32481129569814166,,,,0.38426846481151417,,,0.14896965830929665,,0.024331082770692673,0.15873137118167635,0.35644737675307797,0.23868850425692217,0.2320354017528379,0.22089683148777547,0.3266610688263496,0.3117251406453641,,0.14706959706959707,0.31836462265755194,0.2709496983817944,,,0.2822944160231136,0.21314290982968076,0.1421063520183309,0.3118624963615457,0.374558760713595,0.6067891932619343,,0.2681533666880607,0.200460963262273,0.13480825958702064,,,0.3475549814823282,0.17573588019837486,0.3347323117226815,0.21658260443933686,0.3165517427700697,,0.4340992882580888,0.5849938406140434,0.5330057651991614,,0.6146422170136495,0.4133927803979959,0.08457213713029632,0.16931061084227506,,0.3036373558982553
2017年11月,0.33905028815031185,0.324019998799386,,,,0.3820580465989764,,,0.15013248481342203,,0.028771461085547474,0.1625549516370516,0.3574739714535729,0.23913846772605588,0.236474911445338,0.21506667238348412,0.32926532268975783,0.30736769526898267,,0.14904097320695575,0.3174558369389827,0.27129118121096174,,,0.2862092862092862,0.21573743766108935,0.14206074123536166,0.31281892749680557,0.37419421863765734,0.5995461547380452,,0.2741435107406949,0.1984272473401977,0.13193737851473963,,,0.3496202257562721,0.17813283681776365,0.3354656371877306,0.21912574671689422,0.31498981539890675,,0.43533338812555467,0.5896009609372928,0.5112665310274669,,0.6159068982151471,0.4155967147167281,0.08416939486746225,0.16928335232167172,,0.3035027906040238
2017年12月,0.34941987968782545,0.32514184184098266,,,,0.37531922896718295,,,0.1498592352703051,,0.03386785467170031,0.1587532684417729,0.37599457214026255,0.23798231929277172,0.2454621003367887,0.21498829039812647,0.33055282249781054,0.30343807395759204,,0.14361512669033027,0.42888786930621575,0.27390111568591513,,,0.2939167932019715,0.21735329423834626,0.14193421342916324,0.3162348501342623,0.3767567545292897,0.5890077758083089,,0.27322257070191946,0.19790786969789098,0.13032713862473325,,,0.3479361469363552,0.17836210073950926,0.33885519407555376,0.21290199982292898,0.31191557169895007,,0.4431310410893866,0.5868457029421128,,,0.6017950740917222,0.4172180958811614,0.08178041706565994,0.16930391757699553,,0.30892405569179765
2018年1月,,0.32773910555926383,,,,0.38201670403344146,,,0.15100299158182787,,0.03686500081226948,0.15746732039212863,0.3615561479586931,0.23836529626643888,0.24456930950872527,0.20888573397081237,0.32877859235962775,0.3064733324459111,,0.14748641390006179,0.42924636622708773,0.27178698005939084,,,0.28579472180888366,0.21982294079714199,0.1441566338319348,0.3298294602906725,0.37305216068967695,0.596629316318659,,0.2781119840141022,0.20228085713299823,0.12884307439151677,,,0.3535918849197674,0.17888585033992357,0.33957677727920743,0.213327979974185,0.30820278419049235,,0.4482541927075776,0.5966048972934014,,,0.5826834990503854,0.4168201713619387,0.08046701133289964,0.16918731964881403,,0.3061415894782025
2018年2月,,0.3274677363097314,,,,0.3854432868508955,,,0.15107571863288827,,0.037904372289438486,0.1573970217493484,0.3602190521666468,0.23638095332093031,0.24015912694166966,0.2100813894948817,0.3304154254804332,0.3084623565492679,,0.14355072008049807,0.42199003757237225,0.27361582709733895,,,0.28420577531181695,0.2191943743247505,0.14417828328780322,0.33029705852713614,0.36865953264816903,0.6020995731636974,,0.2776047207087672,0.2017463579170336,0.12866167902364198,,,0.3525730456501096,0.17815865917635473,0.33470256617235405,0.2128964034595211,0.2988869172042849,,0.4484725175509653,0.5858781190735736,,,0.5952218920369908,0.4130239286831404,0.08050113926389184,0.16894027391339583,,0.30766829807132234
2018年3月,,0.3231630305022578,,,,0.3784815126001918,,,0.15203079033964723,,0.04017005864504755,0.15733136065668743,0.37490961543909956,0.2358281475386149,0.23682890115403912,0.21008473515047793,0.32765161606581483,0.30988215467506425,,0.1399222237505158,0.41985270407009717,0.2674000133183679,,,0.2800199312492939,0.21738234099747628,0.14497590185073114,0.3299439498660344,0.36783472740341566,0.5976109595509155,,0.2784532987754565,0.20123159642239621,0.12825486236581995,,,0.3511136821662475,0.17987273913998386,0.3311778769834842,0.21092464292980376,0.293722007235781,,0.44605093762843956,0.5829470634223699,,,0.5846452731749615,0.40580313948420804,0.07915786040000272,0.17017570123984377,,0.30968540397748384
2018年4月,,0.31980028112415165,,,,0.3798040593718437,,,0.15151214102534483,,0.040366208905534745,0.15712270427348907,0.359971119048807,0.2380586733378248,0.2368851357055092,0.2099868209108215,0.3198329095532147,0.3112543193761189,,0.13883794338186672,0.4140529919793545,0.2666383094353246,,,0.2785668854491812,0.21946360506942422,0.1454190095654581,0.3288854113600734,0.3685812164436253,0.5963225652445465,,0.28009294327839196,0.19947130553423723,0.12812683188548832,,,0.3513612695821171,0.18157825569350175,0.32612446206042883,0.21126024561827422,0.29955793591849117,,0.4465126297320979,0.5903772299538101,,,0.5929050998977584,0.40879875917053965,0.07795147959115327,0.16975193997393107,,0.30573630077446784
2018年5月,,0.3172842891913201,,,,0.37817276363105673,,,0.1478314154148381,,0.041259146358610374,0.15984976240698265,0.3587355130926449,0.23891848597745227,0.2371804344613566,0.20678273784965756,0.32566654742114015,0.3172808081672315,,0.1284260907494076,0.40287764631735756,0.2670644523761489,,,0.27704668365348484,0.2188162480493309,0.14479837827139477,0.328661285426808,0.3667252287033732,0.5722472510809653,,0.2773648725513245,0.20039953142773065,0.12758729036565727,,,0.34780328472190275,0.18197677596458092,0.32391873221232514,0.2086326792530514,0.30478743525917346,,0.44306034366876434,0.5895076650724109,,,0.5921142452461697,0.4077641022842016,0.07480841982733534,0.16862437832418112,,0.29957326525653705
2018年6月,,0.3152050720500388,,,,0.37175029352187544,,,0.14668482386033843,,0.04342732825704962,0.16175001386317006,0.3782900711229286,0.2388406200152798,0.23471629096799065,0.20753700095352598,0.324401386099462,0.320052380734853,,0.12527937467879383,0.4029665456319876,0.2677994271991258,,,0.2787595620539265,0.21889458010136245,0.1433252527635062,0.3261448552962987,0.37034057869172887,0.5833163551163857,,0.27611162896116376,0.19760545857253642,0.12650667013307768,,,0.3473941963306776,0.1837272814291013,0.3231702711548629,0.20912264003564177,0.3090414577798164,,0.4394372556841661,0.580003783028751,,,0.5843354379610186,0.3943566261029566,0.07360618878853702,0.17118776212495967,,0.30032847188815653
2018年7月,,0.3124098736109933,,,,0.3738618477820592,,,0.14505383098063848,,0.046472318319604244,0.16189239699561261,0.3665496253320854,0.2403912997536302,0.24140188785624647,0.20779597159831908,0.32567644767592835,0.3184216494968426,,0.12356205008011863,0.3991660672700988,0.27034574972271774,,,0.27561554538577565,0.2211196823896678,0.14625248535066437,0.3274343829727746,0.35897035193416144,0.5861536359100342,,0.2771347136922619,0.19609366761207533,0.12526996458064701,,,0.3467686991404636,0.19158118804895588,0.31968740681840774,0.20988677563279937,0.3095442645649256,,0.4415212466998128,0.5949841773324539,,,0.5840333026931651,0.3985994821790241,0.07306588446512334,0.17402509094618027,,0.2962444204492313
2018年8月,,0.3129323514770757,,,,0.3729271521458759,,,0.1470062971678255,,0.05013409072906883,0.1622208241871797,0.3650721618849568,0.23914248436025745,0.2392714362432126,0.204704962232696,0.32834009573265693,0.3185085460769353,,0.12167255032916706,0.4004156204619754,0.2691908785418943,,,0.2732108332990772,0.22070263772652016,0.14589428823255304,0.32773341488872176,0.35687049233524515,0.5769070108170454,,0.27732157955739506,0.19744348550145716,0.12513746305183868,,,0.3465330995367364,0.1954729036142958,0.3143992275475249,0.20892950848347036,0.30507894307714506,,0.4415996308103498,0.5954231481378821,,,0.5842685965954425,0.39682975876477705,0.07271667021983672,0.1751024120692367,,0.2915731391633049
2018年9月,,0.3121279538211773,,,,0.3722414576852675,,,0.14881577812236627,,0.03395174607396571,0.16392126535196744,0.37934339092062075,0.24247725110779075,0.2394977243221023,0.19936983700591787,0.3279674610449129,0.3261312641910858,,0.12134441719992824,0.4314668022463082,0.273603636402264,,,0.2731676245971032,0.21869337579771514,0.1444931817023343,0.32868566251466613,0.36234919627444473,0.5865532913432516,,0.2760746624007199,0.19804144195288106,0.12555914591649242,,,0.34711707406462555,0.19797414027192492,0.31039396836803673,0.2069904129948333,0.2971883977604287,,0.44053037073702833,0.586721014099979,,,0.5820325687099547,0.3951441608992144,0.07197250362695591,0.1689809026178286,,0.28974719195380955
2018年10月,,0.30940623767638836,,,,0.37324162377944176,,,0.14862422527264232,,0.035035101382513936,0.16306153367078852,0.36278832218011225,0.24453270984881834,0.24505824505824506,0.20092487925187544,0.33039399036703476,0.3286791605349787,,0.12072340933508416,0.4115741899391994,0.273618356259592,,,0.2731043408431158,0.2200495857220093,0.1446050732850107,0.3285029993984337,0.3581152911004372,0.5842143410562095,,0.2766557890908455,0.19340322282733413,0.12638036030658445,,,0.3453651378493756,0.2003892011211316,0.3138858058946849,0.20815621688751984,0.29244507966799865,,0.4395853248391656,0.5994682234194113,,,0.6023895086311817,0.397876276227171,0.06967578731256645,0.1676929149398066,,0.2869993503652538
2018年11月,,0.3092210266179272,,,,0.3762589615610591,,,0.1487043574222735,,0.0369744152921093,0.1653049242547208,0.3631579447118943,0.24667771482147952,0.24429601099106532,0.2043302890342536,0.3296255752299623,0.33774786921414285,,0.1159280854072726,0.4083268014364097,0.27343174032350415,,,0.27231636956353006,0.22051786001594575,0.14487995273133766,0.32506267639620057,0.3628723451941445,0.5847406841603557,,0.27717837228383724,0.19438441268246992,0.12764651144942968,,,0.34836409060092777,0.20055178083936692,0.3053815020236846,0.20954045715486527,0.2860910323241026,,0.4406532179820111,0.6018007625307896,,,0.5785282943686065,0.40657353807035185,0.06946563482288928,0.16429214450663432,,0.28528643121845704
2018年12月,,0.30913953068436845,,,,0.36859219709368807,,,0.15023852600130544,,0.03883932495385427,0.1646672329323411,0.37849229314856875,0.24733657831318012,0.24365645067305486,0.20784895876892198,0.33176116146793755,0.3477034710433706,,0.11237459712197558,0.4358202379203995,0.2760965579159245,,,0.2699804096926694,0.21976363634220875,0.1445226827349926,0.32422221249493877,0.37115703898780555,0.5863787324095957,,0.27130651609722745,0.19175879065988957,0.12743949417705078,,,0.34934361841406886,0.20089607968760417,0.32115802565294405,0.21381644151584867,0.28169893213969793,,0.44084005278554117,0.5954659484853969,,,0.5612417767847857,0.405149982306043,0.0732996487051258,0.16585604700505957,,0.2880677264299488
2019年1月,,0.308425909219785,,,,0.3840580313850686,,,0.15027402794733746,,0.04032113310379714,0.1599244849262163,0.3610466234708778,0.24804842113289124,0.241567056944408,0.20694160537795292,0.3342339006211828,0.34128020996823005,,0.11133773379803436,0.42183664674249094,0.27114128533844306,,,0.2598801573791753,0.22019757422560302,0.14667649816391906,0.32630563347567404,0.36349481133421474,0.5975410891975707,,0.2741098222948807,0.19172386264095712,0.12717085591256014,,,0.35002419733723317,0.20053259618933217,0.3157924048439695,0.21564780084755433,0.2678109583464136,,0.44431567236950215,0.6015470086996909,,,0.5600459810061018,0.40637856051404614,0.07399008820706972,0.16660315081677077,,0.2812784887636364
2019年2月,,0.30605580160959556,,,,0.3807718905826569,,,0.14992573053548502,,0.04184949934818184,0.15920130929358856,0.3642009029619403,0.24985755433712414,0.24326706665648085,0.20489916587477564,0.3346997025933237,0.333244082376734,,0.1097531111556357,0.4186307770972594,0.27115757170165716,,,0.26358562136429015,0.2213077845382858,0.14645237596158756,0.3251379512505887,0.3622553460364345,0.6042831218270093,,0.27515819389985663,0.1910197742463322,0.1273028950680856,,,0.35114301420614735,0.2024369766304308,0.3146309936854865,0.21463039373382753,0.26547821546941724,,0.4470933024540653,0.5977481578423284,,,0.56856376841105,0.4079155922500059,0.07221489481175809,0.1659928180221143,,0.281288741848165
2019年3月,,0.30610829323275673,,,,0.38015774920469003,,,0.15203717194690738,,0.04382944471151159,0.15664818896235447,0.37921260509686144,0.25240779436795213,0.24069889739025913,0.20442153056245094,0.3315427522708761,0.3304445410804214,,0.11003339163619018,0.41181328967557684,0.26843245717126973,,,0.2598819883857977,0.22135342480177125,0.1470338283111057,0.32551235895196745,0.3639772958600975,0.59962427238057,,0.27496892646769255,0.18877714715611757,0.12461287744449162,,,0.3468965457128662,0.20044389755856343,0.31550117997764254,0.21070155932040843,0.26386280219412983,,0.44744214691403245,0.6003248259860788,,,0.5847403321074334,0.40374550531562237,0.07299173988876823,0.16352686160632468,,0.2783900060288647
2019年4月,,0.30476041503728035,,,,0.37286771818627035,,,0.1515759566722898,,0.04602458554189692,0.15543087080960072,0.3643523705121392,0.2563556343659093,0.24439730943006988,0.20373378335618605,0.3309477716451108,0.33140439508440844,,0.10588919847370953,0.4139066248385311,0.2700509980699599,,,0.25960280990261003,0.22278979217722086,0.1489044679843736,0.3263652405636874,0.35986163411692257,0.618447419626521,,0.27889822901748795,0.18715387001019007,0.12316505770375144,,,0.34767867731696256,0.20116412709005302,0.31119731535359135,0.20989144445189506,0.26825730098426864,,0.4486693143867395,0.592028708167572,,,0.5932870427511981,0.40838257595565547,0.07257802932512494,0.16507320944043413,,0.2803265259545749
2019年5月,,0.3044317835863089,,,,0.36230639325998404,,,0.15310431768042862,,0.048970133011564505,0.15478169321347376,0.35845868380666174,0.2576128350510937,0.24110299383231482,0.20407024793388429,0.32771322745953624,0.3307206255167467,,0.10542811566200094,0.41635974240594037,0.26623674844935236,,,0.25930749326534447,0.2228702691029669,0.1476803876610176,0.326628403795523,0.3550877394207191,0.6084683808814338,,0.27459704140581265,0.18885962072929804,0.12300308199078783,,,0.3465336603149677,0.20021009788205066,0.31045209201677054,0.21142440665296205,0.27890358805191917,,0.4487393103448276,0.5888075324702378,,,0.5928983499622998,0.409437422346957,0.07200549121006544,0.16286515864428955,,0.27791269470891133
2019年6月,,0.30349356357382345,,,,0.35600905636264774,,,0.15482355829782976,,0.049282874106960056,0.1533232277448377,0.3762096744967135,0.2605861839920292,0.23877600393761,0.20506008338101855,0.32227573389820346,0.33344691290718276,,0.10284868664446911,0.4229448331196245,0.2682318573257711,,,0.2691693904197851,0.22492659760466283,0.14702350345032134,0.3247319166987311,0.354086092016747,0.5921971503699627,,0.27353209458106964,0.18956411719186864,0.1221629185163007,,,0.34805875692193144,0.19977496654071578,0.3046652874063857,0.20601980812015563,0.2840091838330947,,0.44941304241102964,0.592286376706654,,,0.6134889286126167,0.4105019832137889,0.07107772129895441,0.16324079692556634,,0.28377585506298375
2019年7月,,0.3020023066850508,,,,0.3576993292255436,,,0.15476472625840915,,0.05536187113857017,0.15208076309167834,0.36273043732756255,0.26173445003627654,0.24517801541344378,0.20117905675459632,0.3273085037325544,0.334984958894886,,0.10112385479888307,0.41660713690857337,0.2664581580576177,,,0.26941048504744664,0.22665134859431246,0.1492210248739658,0.3291797181429692,0.35259983906403985,0.6014898961775006,,0.2741019954286208,0.1887863773563415,0.1216614779616582,,,0.3475618304479694,0.20000435582162365,0.3059245523907955,0.20553568001558217,0.2852390033236564,,0.4541835108104406,0.6133768176391905,,,0.608675,0.4095502804998927,0.07519947826202693,0.15865689760353954,,0.28944229136532296
2019年8月,,0.3055851017454533,,,,0.35606729646615926,,,0.15537435137138622,,0.0586160063601431,0.15184884097618734,0.35980892308098333,0.2638368651941176,0.24566653142187359,0.2052241056886047,0.3187516631678543,0.3378890432738274,,0.09947601586989463,0.4115964219518092,0.26543361743256305,,,0.26799616669498133,0.2275765067610626,0.14939208927620232,0.3281604337466729,0.34997218261798235,0.5988648773359994,,0.27112345193510407,0.18871535138479872,0.12046412992254432,,,0.3488822191967557,0.20242634978691532,0.3042946863995547,0.2060435108220194,0.2816133777642435,,0.45468423291635063,0.6237336452013742,,,0.5938070864634838,0.40999923592186027,0.07428989031456953,0.1581140215716487,,0.29022496759237265
2019年9月,,0.3052724507455903,,,,0.3552332285135408,,,0.15470488608839758,,0.0629933211900425,0.15152991354891054,0.372412103193684,0.26520877847571817,0.2449929198448231,0.20457407888686752,0.3179038914659282,0.3403037092357481,,0.09863769817968292,0.4241692936545046,0.26581288340017223,,,0.26963338155665956,0.2275145172442276,0.152004907750447,0.32778253948818414,0.3515962502063636,0.5937611142691257,,0.2704619656079433,0.1873730225763006,0.11915605176808235,,,0.35062252744429795,0.20364726740908384,0.3017537320162808,0.20536654547402583,0.27972639960238993,,0.4544518612797653,0.5968428440242042,,,0.5652051974105334,0.40546904385766946,0.07580691967884436,0.15797638541756442,,0.29353721007561046
2019年10月,,0.3069019255659156,,,,0.3548214457982608,,,0.1547157204317204,,0.0697679675403203,0.1507511456709334,0.36205398003977785,0.26773449990261944,0.2485476415961101,0.20749594813614264,0.32188135005203944,0.3415376135792031,,0.09870422265334962,0.4201788900751846,0.26745588109559537,,,0.27144613588550615,0.22859792229287765,0.15292009515668928,0.329182326026162,0.3561866100402374,0.6363491862679266,,0.27204107909258124,0.18698796832687758,0.11781005359486112,,,0.3507576453614001,0.20638005929902142,0.30561281404597923,0.20774778705019772,0.28117595405269374,,0.4541773724229671,0.6134185417769322,,,0.5680231038714864,0.4104913416295666,0.07579916253893683,0.15741646342218316,,0.2938006549148697
2019年11月,,0.30888274002731514,,,,0.35317143787884786,,,0.15403714931278964,,0.07613478202307727,0.14864916233550812,0.3629377673714233,0.26735521818169056,0.2511384910838321,0.20730138308137666,0.32795928517958434,0.33519867438043105,,0.09235474709379204,0.42570638288250945,0.2643855569444975,,,0.2710629128165556,0.22847527445792484,0.15369152983888337,0.3292100217118198,0.3544581150342932,0.6347073669805902,,0.26774412500586686,0.18930700833804245,0.11695816272981444,,,0.35060346771018747,0.20754119789375897,0.30302339805475936,0.21124279624220416,0.2942214968287153,,0.45417209533838226,0.6189426441448407,,,0.5843601944092048,0.40803851169194666,0.07454606399058925,0.1522740598040037,,0.2985040058519601
2019年12月,,0.31063701282552314,,,,0.35878024107921946,,,0.15486998157040174,,0.08328827623888038,0.15025551784687827,0.38050485912546583,0.26976925816556313,0.25721372944909143,0.20294709975872863,0.3252334134079596,0.33649820918924184,,0.09096722621902478,0.4462644889149708,0.2655260679332391,,,0.2764753729764046,0.22880221127442332,0.15466088513025208,0.329851909170245,0.35569474304736803,0.6184140850454493,,0.2643656924122804,0.18890292323464608,0.1142393700512241,,,0.34735854085310036,0.20842657644155557,0.302926267143531,0.21438880823693104,0.29851839534033275,,0.45653809355559705,0.6023407929392476,,,0.6073676979838681,0.4169482647055803,0.07540070305460729,0.1517980801375424,,0.31130529268782825
2020年1月,,0.30955593828234584,,,,0.35214369342011,,,0.15537260351621426,,0.08534940141483766,0.15045981519262885,0.36350497772172313,0.26935681527652394,0.25520445670968406,0.20377109493721507,0.33237536745918106,0.3305997384318366,,0.09139153712487671,0.4295822038376872,0.26183696716955124,,,0.2746481689444642,0.2296738902559097,0.15828081452553194,0.33202214608684444,0.35695999408351703,0.6229167259291568,,0.2650418524789545,0.19214476018748086,0.11355919959546341,,,0.3523020881157361,0.21006820182474845,0.30322383517161633,0.21547808664036425,0.2940417630080327,,0.4543052270623878,0.6053628115519705,,,0.5940275762731324,0.41353781337295387,0.07600957681188951,0.1510919900809656,,0.29724294456202177
2020年2月,,0.30823811852576355,,,,0.3526343181423904,,,0.15446604638877123,,0.08610234722874852,0.1493325342669793,0.3590630580019225,0.2716675897511969,0.25422674292498604,0.2017837902549982,0.33237723784519346,0.33731760088557916,,0.09171203589036615,0.42103045107874765,0.26212286076389574,,,0.2733553736084924,0.22942388752949675,0.15901125015024095,0.3315707961349791,0.3559857195609003,0.61797081128113,,0.2660230021213346,0.19063099059981062,0.11224620755152853,,,0.35205086170310146,0.21069361561759678,0.3036019864775923,0.2160457991211331,0.29646796223268485,,0.45773180081202536,0.605528902842943,,,0.6063025702802682,0.40577368529974245,0.07611217205183086,0.1477505353067131,,0.2927733696417672
2020年3月,,0.3081391205188511,,,,0.3436170566400118,,,0.15347839937822383,,0.08760973993705483,0.14751574539815135,0.37495012274429285,0.2722866992577191,0.24839292443419858,0.2012259229136498,0.32875716384458403,0.3435355864405916,,0.0883234399046528,0.4182246451956979,0.26133442426856573,,,0.2854261445657008,0.22707309897698066,0.1584781734340772,0.33115982389136434,0.35144183007186347,0.6264367089407867,,0.2639859502567594,0.18794457511575327,0.11132980165363936,,,0.34822657559804554,0.20782454123699654,0.29840656687590533,0.2117823698003693,0.2916721619542645,,0.45202855283430887,0.5996071136762686,,,0.6010387523696098,0.4029225699431654,0.07506643325818924,0.14631389976161746,,0.2958681475010684
2020年4月,,0.30723030928568884,,,,0.3415619248116333,,,0.15258695104844802,,0.09183552687202322,0.14626382715398517,0.3606135233867074,0.273878694398328,0.25029901810798033,0.20153405929576346,0.3343727221187333,0.34383895533132114,,0.08500650997053381,0.4133565327195774,0.2637717078325897,,,0.2831319680618998,0.22836994621088197,0.16150767421107268,0.3353345777597116,0.3515408283287482,0.6474788710350584,,0.2645950864795301,0.1871272690131814,0.11105507533837468,,,0.35236680040826956,0.21071460082938293,0.2985184574041771,0.21487896899821213,0.29691352547021393,,0.4527727121001663,0.6193006009002735,,,0.6452474951454841,0.4085320715457565,0.07308200234221214,0.1464440906424698,,0.2903876859954672
2020年5月,,0.30635235122909144,,,,0.3367384359734697,,,0.15240536805029203,,0.09434101111192876,0.1454730922442729,0.363351989710917,0.27484486434502464,0.25034546355809467,0.20016933467225864,0.3315629169078964,0.34497595990720753,,0.08212038532212261,0.4064638824511991,0.2658504164692481,,,0.2790286941716388,0.23389471145912566,0.16332317638642324,0.3364261534770904,0.3511313501380325,0.6538375372288553,,0.26613555561379143,0.19216478190630049,0.11063089639050455,,,0.35158937014151237,0.21007442697609005,0.30500228799884394,0.21717485872260844,0.3001897642530238,,0.45199662252011735,0.6060800022508106,,,0.6341534440918425,0.4102604776472662,0.07047516039428726,0.15047844078406145,,0.28668728624751494
2020年6月,,0.3058516670446813,,,,0.33821999507058803,,,0.1522818502504672,,0.09699812382739212,0.1450441237029197,0.38951520261369027,0.27739013150204944,0.24738349600228055,0.1997527618075859,0.33232312517994334,0.3443632502654425,,0.08154907480042453,0.4296854333199149,0.26531005388629975,,,0.2790984458469414,0.23182357063932607,0.1663759690945545,0.3344693262213347,0.36398768629108974,0.6399264760514151,,0.26337890097774846,0.18940786217020478,0.11066690440238255,,,0.34979636755054666,0.2088427807881741,0.30370205896649605,0.21874612416742925,0.29166266913053934,,0.4473861810339801,0.5988572024036959,,,0.6429787622189452,0.4101881733277325,0.06895022060234031,0.14933517697749354,,0.28595008995614923
2020年7月,,0.304931537540177,,,,0.339995419606945,,,0.15236729090784895,,0.10013940120584912,0.1441025667119526,0.3746882147955201,0.28170681413501875,0.2529871166499463,0.2005240140262401,0.33161622665808116,0.341698357332966,,0.0806497937800857,0.41853944151813627,0.26301359568426486,,,0.28406976893370794,0.235201377133461,0.1693437099776482,0.3370649279088989,0.3629524988478485,0.6219994145199064,,0.26826794280284383,0.18848179424316716,0.10772928720409802,,,0.3506786786786787,0.20682683266867685,0.30608939360850257,0.22707174303486946,0.3043319588572213,,0.44861916045147116,0.5913815095079127,,,0.6622299056072521,0.4106400186289214,0.06754402136099003,0.14294656883693774,,0.27770165229840915
2020年8月,,0.3066491952516832,,,,0.3422927646245127,,,0.15409958420096143,,0.1011679914718083,0.14266547217981232,0.37179108108428827,0.28491946174683436,0.2520967915590009,0.19823402140225718,0.3357398704432872,0.3425910770952068,,0.0819260774426791,0.4139015954479527,0.2621219081249137,,,0.2889160593366694,0.2341740659484237,0.17233093685029122,0.34185192680176923,0.36411231749855866,0.6180233606855674,,0.26620653149938583,0.1887727208679724,0.10592040781611554,,,0.3515425086119813,0.20664209022744603,0.31001558486358627,0.23040224342289126,0.3049645541290024,,0.45026550287107986,0.5837295388168172,,,0.640436502168741,0.40751282279344186,0.06595173635677908,0.14023634261893497,,0.27696589267276844
2020年9月,,0.3049774908689374,,,,0.343302389100751,,,0.15454703399801628,,0.1009679321869254,0.14155490509358543,0.3993738329758143,0.2900844526073465,0.2545698838219676,0.19678282118873988,0.3358147814741016,0.33900792836311044,,0.07922861907781928,0.4223840332868476,0.2608857164575293,,,0.29691972278723067,0.23051906610647238,0.17554199549920785,0.3454132225991957,0.3710387669729526,0.6161045743409048,,0.26796032787271773,0.19069594468955492,0.10484736881663857,,,0.3529475994625911,0.20743196881141995,0.30767916214005836,0.2345019749616883,0.30270135896586015,,0.4486061480004,0.5873796185345637,,,0.6446936795416743,0.40763475309572095,0.06435495038079853,0.13801253847573572,,0.28526542458235005
2020年10月,,0.3029791593195291,,,,0.3468875213281954,,,0.15476025825940537,,0.10113131125026188,0.14092392203248813,0.3841570669274342,0.2929870215954075,0.25862422776169697,0.1989170922775623,0.3404760324841382,0.33739754362980234,,0.08109513902023832,0.41267013708267997,0.260569278356872,,,0.3022552062079067,0.23048563061382585,0.17968317459673394,0.35248000718842665,0.37242989412343597,0.6321539492506154,,0.2719477007789402,0.19384801510577435,0.10390836729903331,,,0.354696750469138,0.20863496320667801,0.3088389683265697,0.23796649318232568,0.30323053898145713,,0.4470601431980907,0.6022908283031523,,,0.6634359031326372,0.41104845327141265,0.06293997490279052,0.137337013419625,,0.2811004372522289
2020年11月,,0.3020472727875044,,,,0.3497741475645158,,,0.1557626619231063,,0.10297653051509092,0.14171105456221228,0.3855037616808315,0.29547255776798054,0.25659673981058234,0.20053682462441585,0.3344698669059369,0.34496665518201597,,0.07786152052723307,0.4095714851840498,0.26448364574394484,,,0.31020448251291977,0.23112066790595354,0.18040404773818186,0.3579829419114377,0.37354775320326444,0.6318865900580025,,0.27282713921056917,0.19545168610006516,0.10342463405436907,,,0.35803880443785213,0.20899118117787324,0.30241334076084025,0.24013412414771318,0.30552258038682606,,0.4467603314291596,0.6054225524904483,,,0.6681982656932445,0.41496086883474137,0.06157712676737958,0.12970032771377413,,0.27772421537379627
2020年12月,,0.3026551300345604,,,,0.34310890130928423,,,0.1562158984160594,,0.10408957894991415,0.13822300417857927,0.4034580228483884,0.29564499159038027,0.2576589633455427,0.20233577213506004,0.33527359703055293,0.34755915503470924,,0.08165222493004784,0.4265762467648913,0.268410028762152,,,0.32405223590168086,0.23036548349843103,0.18606416864569852,0.35700839342527985,0.3700510896260735,0.6476571417358116,,0.2754058126039381,0.20195725534308212,0.10157021872654153,,,0.35589874326419985,0.21037773333941284,0.30236100988135206,0.24535121903323776,0.3084122295862924,,0.4456572135715006,0.5977823309629987,,,0.6519081177207654,0.4420917623438391,0.05931616832779624,0.1257708922161319,,0.28336532212969817
2021年1月,,0.30273546273546276,,,,0.34411027254019977,,,0.1561138516986147,,0.10501543257412872,0.13736583831032678,0.37893253018211337,0.29490381846652963,0.2573658184140879,0.2015646839571362,0.340567461969415,0.3450772288783121,,0.08044326797972094,0.42378610460577676,0.27027113642340145,,,0.3289400184914092,0.2284438046667788,0.18780764505803993,0.3629364628057783,0.3676600852168796,0.6541621183089673,,0.27833655233384014,0.2050319018960134,0.10093570750893129,,,0.36345416844093087,0.21121934498441722,0.3058940577044831,0.24708776176300573,0.3182453450040907,,0.4449096275397223,0.6026585583180493,,,0.6514230917060406,0.4184099155088341,0.05847223412460365,0.12175943057399709,,0.278403060379759
2021年2月,,0.300866101238337,,,,0.34006014184866856,,,0.15665991071831564,,0.10680265684515378,0.1366839452890922,0.37984399508613986,0.29375815934041866,0.2603282339528595,0.20186763478227107,0.34164485812307555,0.3428796082043448,,0.07862700943122784,0.41538828544934764,0.2672142059178613,,,0.33227517647550225,0.22723773659490584,0.18936101119104717,0.3620416072161145,0.3674632607548761,0.6426383645558801,,0.2772103702265315,0.20408895868973834,0.10070649701195729,,,0.36401163651008434,0.21202514499868513,0.30256575955577897,0.2464935858072353,0.31597826223639924,,0.443991716434658,0.6126231294724257,,1.0,0.6588214927862958,0.41247638740297426,0.05729810355849137,0.11952087914462772,,0.27415522171654116
2021年3月,,0.3014815843882029,,,,0.3382397663961835,,0.0,0.1558480368780798,,0.10607947469715838,0.13507884485378005,0.3877247864060493,0.2933820671322709,0.26039602136188605,0.19895197842758516,0.33628218493676115,0.3451623672706659,,0.07485825939331817,0.40966867699824416,0.2627233776177952,,,0.33386931855663304,0.22441034823888656,0.1874199267988561,0.3646852198983217,0.3661447584185941,0.6527360014711098,,0.275319066810221,0.20644203467137834,0.10007251447108963,,,0.3655467371603028,0.21134746903056864,0.30003678084548485,0.248198821289425,0.31831773543730063,,0.4402434167870696,0.6100272906118199,,0.45454545454545453,0.6734284476256198,0.414806643529995,0.05546365416226064,0.11474637546911143,,0.2742806378217817
2021年4月,,0.3014399687069619,,,,0.34103927194275707,,1.0,0.15694910588559147,,0.10601431619345798,0.13515604215696306,0.36933924540755203,0.2940789831979012,0.2660573261174584,0.19978872563142225,0.3375632400496597,0.35211843168774637,,0.07242203232437057,0.4095970550497953,0.26205854222502495,,,0.336351714525984,0.2274113222888505,0.19443106687366427,0.36587143457045085,0.36960178171652613,0.6635316372646647,,0.27787385959673094,0.2063124877475005,0.10058297508642573,,,0.3674627888612423,0.21372042930391588,0.3074231988630152,0.25256046835317436,0.33165547776421545,,0.43877631423430996,0.6184896660245419,,0.5333333333333333,0.677081530554337,0.4171573498657728,0.05351787181594084,0.11172886720295398,,0.27319942044368783
2021年5月,,0.2991568816794203,,,,0.3399140840871484,,1.0,0.15825528283467835,,0.10627755749405234,0.13473736635627712,0.36816203845583056,0.2933697619184895,0.26662351120310507,0.20047760274236415,0.33550069439723407,0.3511362751532275,,0.06897319621021945,0.40554690335067134,0.2628389839552721,,,0.33490410384894065,0.22598755753376157,0.19614400056772963,0.3661606014840604,0.3679963490620774,0.6673220146953465,,0.27627697331589735,0.20919806937412352,0.10045230044113879,,,0.3720015075928668,0.21293205190810036,0.3039965424925267,0.2521617592984315,0.33274833876542576,,0.4371505076081738,0.6169455459232064,,0.45161290322580644,0.674310616935388,0.41674121531037156,0.05243163044761714,0.1100423341384395,,0.2742434558679781
2021年6月,,0.29886764130009136,,,,0.3393514224148904,,1.0,0.160276423557977,,0.10545719443828588,0.13515053476304767,0.3869903858086237,0.2943522752969415,0.264917182986039,0.2029081039162466,0.33632443771122245,0.356759593425971,,0.06655202403542063,0.4048414872650948,0.2624545692101864,,,0.3304845845390895,0.2255958254836877,0.19815970181855455,0.3650049852915344,0.3657902194839042,0.655060164495423,,0.2781942196970816,0.21021719421341006,0.1009511172335555,,,0.3716129463785881,0.21249202890849186,0.30635726953019327,0.25562581255170785,0.3193398188509174,,0.4337610578197676,0.6150754012846659,,0.1388888888888889,0.6730674022208077,0.4073789593836203,0.05052907678345251,0.10669593047923859,,0.2790784007143866
2021年7月,,0.2994383586317565,,,,0.33834251863126696,,1.0,0.1605993321992258,,0.10457316879335228,0.1339881216602705,0.3680192700480628,0.29508854170768484,0.2724445030929612,0.2003445305770887,0.339839315770932,0.3586848951126363,,0.06376836696400219,0.4011751301356091,0.2603664811832844,,,0.3286046830069834,0.2298637983185115,0.2023651064519327,0.36684506900902863,0.36775676198694474,0.6511350215650835,,0.2765259665097616,0.20909549145897507,0.10102329851713779,,,0.379089780515173,0.21272141922039062,0.3051068436130066,0.25663657228697895,0.3439022556035875,,0.4343021786659928,0.6056470427955927,,0.15037593984962405,0.6709253927520811,0.40697721401051956,0.04989523049291559,0.10454789325915856,,0.27993899323741045
2021年8月,,0.29895818840994837,,,,0.33959700470386245,,1.0,0.16292821926185128,,0.10523405705321495,0.13191180667871755,0.3620120388580964,0.29398035534676603,0.2734708373467071,0.19838673285198555,0.33949992420130176,0.35824343620806115,,0.06178195035525763,0.39938866996720507,0.2601900643327082,,,0.3293471077731684,0.22688659104277956,0.20236150548715642,0.3696397167687441,0.3676861866438215,0.6499942652094837,,0.27364931774763884,0.205369454581702,0.10041336202788187,,,0.3772389530176336,0.21339174051521367,0.2960936772511407,0.2526544161051187,0.3510667839640288,,0.4304317028308561,0.6130432232713624,,0.1958041958041958,0.6524901347897257,0.4012780526698403,0.04891347568491789,0.10178953730166047,,0.27468727936105003
2021年9月,,0.29939972647836804,,,,0.3336427830047999,,1.0,0.1642689087775154,,0.1042864476386037,0.13109890326264595,0.38292472427903124,0.29447454107959536,0.27538692826009364,0.20223109972111253,0.33741310331815916,0.35841225109501806,,0.06108636600601809,0.39609051601797346,0.26081907738417925,,,0.3295501873030978,0.22602575295169092,0.20383479181762443,0.3713646667309733,0.36617673985546084,0.6529807790631319,,0.27227664201117047,0.20433297971091366,0.09994330827179351,,,0.37992175000643974,0.21274921652784443,0.2961708309122603,0.2529968390223108,0.35182152342912676,,0.4299046476288427,0.6163063812097277,,0.23333333333333334,0.6516900636726056,0.3964566564899621,0.047769775673054675,0.10155870603900681,,0.28509825381987297
2021年10月,,0.29901900724513386,,,,0.3396686190215623,,1.0,0.16712056544440237,,0.10271346267952047,0.13145608415360113,0.36680947156280075,0.29556504928015676,0.2794216479333491,0.2020456539186591,0.33584247926602695,0.35772867411523235,,0.05980101986235424,0.39193986979565354,0.2634487645600154,,,0.32968512844417414,0.22996048409593012,0.2064360396910985,0.373039034674989,0.36792836882884716,0.6503935763597397,,0.27492140678783716,0.2049958220584248,0.09944803137765353,,,0.3826147907442101,0.2118611688368743,0.29942241449298895,0.25783734259094565,0.3478432822471765,,0.4295098199384601,0.6368977253652666,,0.2564102564102564,0.6611960844294892,0.40212073500667567,0.04706141316310808,0.09968398694503446,,0.2853555326248116
2021年11月,,0.3004373952499693,,,,0.344557394729641,,1.0,0.16762656689596253,,0.10203689592684848,0.13117433319237576,0.3718481453958948,0.295233527474314,0.28078402102837857,0.20478944548125427,0.3326997632365842,0.3476202373004919,,0.05913954624161968,0.3885067784897373,0.26633064360809455,,,0.3342592152363233,0.23238147692668654,0.20675113171180795,0.3731046543952312,0.37651796177012814,0.6566504153906138,,0.27457815119428913,0.20623410658167968,0.10013384970449725,,,0.376626214242317,0.21065343467691147,0.3002241815639553,0.26198047302038735,0.3382632340775343,,0.43046904829415467,0.6150385537951553,,0.28994082840236685,0.6519961863007117,0.4035316754640999,0.04603275407501491,0.10004291890420709,,0.2932877159495551
2021年12月,,0.30238161355134846,,,,0.3533421132106019,,1.0,0.1672510974847116,,0.09980681330336624,0.12855658245984009,0.39430616988130496,0.2979044858393033,0.27725617073467296,0.20552101559882358,0.3299354778814464,0.3479502913835859,,0.06112497566328608,0.3943791026942629,0.27046140946426683,,,0.3356928537263986,0.23398471029517243,0.2060134907317379,0.37574685716936496,0.38180791087268007,0.6960654311689138,,0.27398026640256895,0.20362030328742683,0.0994411138062544,,,0.3729106949044054,0.20994178911600922,0.2964771538193233,0.26819057915753636,0.3304875571049524,,0.42792487933897233,0.5970873304828325,,0.3076923076923077,0.6551127878644973,0.41525635398504773,0.046368648416429986,0.10012988795843586,,0.30466735242279014
2022年1月,,0.3013977066597564,,,,0.34751135832364327,,1.0,0.16967994336294775,,0.09812074466748738,0.13091698421318235,0.37402827983778414,0.29452684145660907,0.28005586488542134,0.20291738350598484,0.33418695780410956,0.34742010390428213,,0.058486627749117566,0.3886880668412736,0.27159539955589734,,,0.33242622120529264,0.2312546124039223,0.20560210526730163,0.38034521530934773,0.37938285272178845,0.6863622203787902,,0.2737771125981776,0.22524449693587945,0.09974539969834087,,,0.3729583722165294,0.20988808982783944,0.30166674266952437,0.2669051551696948,0.3215921409060034,,0.4258546368836454,0.6020934385160706,,0.3705357142857143,0.63171834509874,0.40141627162737403,0.04455165921393269,0.09788200326325307,,0.2938254559756319
2022年2月,,0.30056629374151983,,,,0.3565447231537027,,1.0,0.17081076009268628,,0.09726529461516775,0.13078730814865847,0.3739841252076517,0.29367166743454426,0.27869645839634927,0.20276995133374803,0.33448392142903977,0.34674646010880567,,0.05764823952496446,0.3824808935920047,0.2674295066327567,,,0.33332441226913956,0.23085189190018252,0.20299093118890935,0.38205488622691125,0.3785086168384505,0.6824989960014667,,0.2739680153597714,0.22440164581287614,0.09894337668812833,,1.0,0.3731905205823529,0.21146270897922992,0.30304752271577856,0.26307089413918583,0.32242105770747076,,0.4266380655917198,0.6102183821569666,,0.38671875,0.6285845995638375,0.39979907593665037,0.04402756329807831,0.09868778304398483,,0.28658379953762353
2022年3月,,0.30399947461745586,,,,0.3558480510118945,,1.0,0.17212113588222405,,0.09254141162223248,0.1302797897381705,0.38681336446919345,0.29639130350070003,0.27666236541272565,0.20186851084794627,0.32861383772655417,0.34692724502979233,,0.05817228476579304,0.38917773926439436,0.2656976359102719,,,0.3337808376488809,0.229515344040898,0.19851230770793518,0.3808606337804026,0.37543143620159436,0.6615324943095405,,0.2699127253154878,0.22295159471942394,0.09836468707733924,,0.5476190476190477,0.3728436267419104,0.2104755595755252,0.3041092810163584,0.2580991702409107,0.32161076047915615,,0.42659450995777604,0.6178162583405143,,0.4143302180685358,0.6353217039116069,0.39174008254408393,0.04297568273260298,0.09616868625774293,,0.2887203331555304
2022年4月,,0.30337225336368606,,,,0.3552210518381053,,1.0,0.17218324921724845,,0.09002733864257696,0.13098529636854006,0.36702549517829447,0.29616587605604816,0.27790183503648497,0.19964983312359796,0.33581730881399113,0.34747658808875764,,0.05682711971055529,0.39028364821510414,0.26601343127647725,,,0.33294539523781236,0.22525581180343146,0.19664433774231838,0.38398931866913333,0.37144382276552734,0.6748543141800865,,0.269332746921337,0.22477143243875128,0.09843434580536126,,0.5290322580645161,0.37633580542999495,0.21380188445516055,0.3086319447970796,0.2585501877111596,0.32394494656207096,,0.4279895674564813,0.6327377886663234,,0.4368131868131868,0.6207964158868988,0.3978993074563171,0.04145025968837395,0.09682129735965536,,0.28568507754768235
2022年5月,,0.30031625040544924,,,,0.3532888111830323,,1.0,0.17341337907375642,,0.08478788905835169,0.1317340010579299,0.3672025677912561,0.29898552339259854,0.2780497295614615,0.19694517683425766,0.33201704297894397,0.346766225870193,,0.05608576183288827,0.3889152077765683,0.27072044246286403,,,0.3351123052962002,0.22489095261364686,0.19468342979534609,0.38232716874971173,0.3767165597529104,0.6708464385632613,,0.2678664333122932,0.2223723384094341,0.09810974831455459,,0.4594594594594595,0.3790319490217118,0.21610089361977564,0.3101228198081992,0.2576812857177097,0.3209346027448501,,0.43329315823250425,0.6313513289094017,,0.5,0.6150373434955687,0.39850558665695746,0.040701283753472206,0.09773040619365786,,0.2848308729877837
2022年6月,,0.29352817373002965,,,,0.34934909300226236,,1.0,0.1733893557422969,,0.08219322015152353,0.13116010292546287,0.39159298265375087,0.2997431041679218,0.2744681609599332,0.19435266930256911,0.32821020198871464,0.3459740455427269,,0.05735644930947271,0.3799856346121345,0.2730284156726937,,,0.3374667382475141,0.22569012549691544,0.1906882915025606,0.37681638302109516,0.38851659154973756,0.679399058383735,,0.26728353250746306,0.21449002455128358,0.09721038668703272,,0.46411483253588515,0.37571679471324154,0.216144949285538,0.3054821208793028,0.24983035997019098,0.3133425007147835,,0.4225675721024044,0.6294821400985255,,0.5272727272727272,0.6175400020297013,0.38777951492923984,0.03968271801900995,0.09689594448971009,,0.3004446882898201
2022年7月,,0.2889010730790319,,,,0.35349317381333156,,1.0,0.17555833095675946,,0.08131691589916262,0.13259162226777962,0.3662533703733965,0.298914210151212,0.274623536256628,0.19186632131808043,0.334675399287602,0.3450611196904013,,0.05590519190819682,0.37358218331687987,0.27124116595101705,,,0.33717675210183434,0.22729369239628758,0.1891650959253901,0.37347999310944935,0.38170753696357734,0.6699736328603101,,0.27160081103134026,0.21287282828645665,0.09805745843154011,,0.4882943143812709,0.37324446496083663,0.21776556136708455,0.3105859116363106,0.2511048001496778,0.3235794735288059,,0.4275074088652213,0.6374510686943569,,0.5476550680786687,0.6295999890087999,0.38836849026354187,0.03884930530815817,0.09505304712558599,,0.28582542082640694
2022年8月,,0.2873129960433592,,,,0.3541934411927196,,1.0,0.1769535354494779,,0.07790786446070973,0.1324470936216417,0.3689017528509919,0.2978673398746209,0.27276867489281187,0.1907872306063488,0.33053737629928215,0.34624764438532313,,0.05417495402859609,0.36180092535286185,0.2696737526459146,,,0.3362242107088867,0.224413544610957,0.1885065354984962,0.37093994417388976,0.38642216490139103,0.6505640521671479,,0.27386063625760676,0.21015495461106273,0.09767334768018675,,0.48048780487804876,0.36959835813458086,0.21513458136558183,0.30715909659416224,0.24680772634743833,0.31147793673305035,,0.4243369351238675,0.627380138326138,,0.571969696969697,0.623461512422991,0.37900475068251255,0.037643236831506124,0.09387961506241956,,0.2777088893013745
2022年9月,,0.2836333200233437,,,,0.35201060431064995,,1.0,0.17507217779419945,,0.07531199641197607,0.13246057699555963,0.3737710948900325,0.2976190412961882,0.26664246004681036,0.18995679960012854,0.3299060075031864,0.34907519191956426,,0.05552804537678941,0.3723744762689745,0.26332751324545156,,,0.3396789831646897,0.22680578337612367,0.18813655787568345,0.3640612676754399,0.38627691412419984,0.646238163031623,,0.2748223895024844,0.2029658766610835,0.09836690616274318,,0.49074074074074076,0.3665925161834431,0.21346407377061963,0.31004044783123647,0.24235927661092485,0.29873384002419723,,0.42057644823981694,0.6312396339573677,,0.5827664399092971,0.6246376225341478,0.373836246550138,0.036550932122164564,0.09070758993056593,,0.288131836231772
2022年10月,,0.27994552264215183,,,,0.35206897670344744,,1.0,0.17325095175684954,,0.07589827258328521,0.1335829033116677,0.35761918114882135,0.2954406092896103,0.2705847877698199,0.19120043454644214,0.33026174256005736,0.3485921402095555,,0.05455778965653493,0.3786599698924581,0.2622990296980499,,,0.3334405163930258,0.22481311750848224,0.19202718231811985,0.3572598911916002,0.3903158625477265,0.6709702092399868,,0.27586497021576495,0.19916902455469052,0.09774139684941965,,0.4928644240570846,0.3709447851433932,0.21334102919964965,0.30820755707598524,0.24458246711692372,0.29682899415057173,,0.42322410927350224,0.6327603895063685,,0.5855130784708249,0.6298772557307755,0.3788953904865391,0.03573275679342066,0.09136789405684755,,0.27171437479585475
2022年11月,,0.28293630027378974,,,,0.35663090358390753,,1.0,0.17131783993067148,,0.07467286573820844,0.13518371459555464,0.3594371155138233,0.29613478263390575,0.27097256473872305,0.18850110808814255,0.3313730847266327,0.36091101237976103,,0.05647922307502965,0.3875322753881938,0.26562980069358294,,,0.33452009417297285,0.2273492182652127,0.194535331814291,0.35159283988464834,0.3944942846762248,0.6664269903706523,,0.27612642845042534,0.19535347208381973,0.0976798674979465,,0.4911646586345382,0.36987515578666896,0.21508657896350522,0.3142677878178447,0.24567459187491617,0.29961365094166925,,0.42476786966804253,0.6427522239845528,,0.5979557069846678,0.641901666156981,0.38489715600111685,0.03510867970403907,0.09146462361272807,,0.27584105067434933
2022年12月,,0.2818662818662819,,,,0.36131178027322797,,1.0,0.17139068967909532,,0.07487034517939126,0.1369446156605163,0.3705312403431294,0.29575058385850334,0.27360907622374997,0.18910602461671344,0.3322141483510326,0.36295708572936297,,0.05784729625957101,0.39965950280086404,0.2649137409810183,,,0.33912716309192653,0.22954534867069137,0.19194227253874868,0.34975994685306366,0.39862529223931553,0.6736053792514587,,0.2700176574683914,0.1946350308949005,0.09817810847074217,,0.4867137571476623,0.3679040592268987,0.21756298144911113,0.31698043268258713,0.24825872419260026,0.29834735618584574,,0.42553236658882454,0.6410876360228991,,0.6035901271503366,0.6498163645380675,0.39120125199576344,0.033586171835282154,0.09053601254214015,,0.2848863349788418
