,臺灣銀行,臺灣土地銀行,合作金庫銀行,第一商業銀行,華南商業銀行,彰化商業銀行,上海商業儲蓄銀行,台北富邦商業銀行,國泰世華商業銀行,中國輸出入銀行,高雄銀行,兆豐國際商業銀行,花旗(台灣)商業銀行,王道商業銀行,臺灣中小企業銀行,渣打國際商業銀行,台中商業銀行,京城商業銀行,匯豐(台灣)商業銀行,瑞興商業銀行,華泰商業銀行,臺灣新光商業銀行,陽信商業銀行,板信商業銀行,三信商業銀行,聯邦商業銀行,遠東國際商業銀行,元大商業銀行,永豐商業銀行,玉山商業銀行,凱基商業銀行,星展(台灣)商業銀行,台新國際商業銀行,日盛國際商業銀行,安泰商業銀行,中國信託商業銀行,將來商業銀行,連線商業銀行,樂天國際商業銀行,中央信託局,中國農民銀行,交通銀行,澳盛(台灣)商業銀行,中華開發工業銀行,第七商業銀行,中華商業銀行,大眾商業銀行,慶豐商業銀行,臺北國際商業銀行,高雄區中小企業銀行,花蓮區中小企業銀行,臺東區中小企業銀行,臺灣銀行-排名,臺灣銀行-市佔率,臺灣土地銀行-排名,臺灣土地銀行-市佔率,合作金庫銀行-排名,合作金庫銀行-市佔率,第一商業銀行-排名,第一商業銀行-市佔率,華南商業銀行-排名,華南商業銀行-市佔率,彰化商業銀行-排名,彰化商業銀行-市佔率,上海商業儲蓄銀行-排名,上海商業儲蓄銀行-市佔率,台北富邦商業銀行-排名,台北富邦商業銀行-市佔率,國泰世華商業銀行-排名,國泰世華商業銀行-市佔率,中國輸出入銀行-排名,中國輸出入銀行-市佔率,高雄銀行-排名,高雄銀行-市佔率,兆豐國際商業銀行-排名,兆豐國際商業銀行-市佔率,花旗(台灣)商業銀行-排名,花旗(台灣)商業銀行-市佔率,王道商業銀行-排名,王道商業銀行-市佔率,臺灣中小企業銀行-排名,臺灣中小企業銀行-市佔率,渣打國際商業銀行-排名,渣打國際商業銀行-市佔率,台中商業銀行-排名,台中商業銀行-市佔率,京城商業銀行-排名,京城商業銀行-市佔率,匯豐(台灣)商業銀行-排名,匯豐(台灣)商業銀行-市佔率,瑞興商業銀行-排名,瑞興商業銀行-市佔率,華泰商業銀行-排名,華泰商業銀行-市佔率,臺灣新光商業銀行-排名,臺灣新光商業銀行-市佔率,陽信商業銀行-排名,陽信商業銀行-市佔率,板信商業銀行-排名,板信商業銀行-市佔率,三信商業銀行-排名,三信商業銀行-市佔率,聯邦商業銀行-排名,聯邦商業銀行-市佔率,遠東國際商業銀行-排名,遠東國際商業銀行-市佔率,元大商業銀行-排名,元大商業銀行-市佔率,永豐商業銀行-排名,永豐商業銀行-市佔率,玉山商業銀行-排名,玉山商業銀行-市佔率,凱基商業銀行-排名,凱基商業銀行-市佔率,星展(台灣)商業銀行-排名,星展(台灣)商業銀行-市佔率,台新國際商業銀行-排名,台新國際商業銀行-市佔率,日盛國際商業銀行-排名,日盛國際商業銀行-市佔率,安泰商業銀行-排名,安泰商業銀行-市佔率,中國信託商業銀行-排名,中國信託商業銀行-市佔率,將來商業銀行-排名,將來商業銀行-市佔率,連線商業銀行-排名,連線商業銀行-市佔率,樂天國際商業銀行-排名,樂天國際商業銀行-市佔率,中央信託局-排名,中央信託局-市佔率,中國農民銀行-排名,中國農民銀行-市佔率,交通銀行-排名,交通銀行-市佔率,澳盛(台灣)商業銀行-排名,澳盛(台灣)商業銀行-市佔率,中華開發工業銀行-排名,中華開發工業銀行-市佔率,第七商業銀行-排名,第七商業銀行-市佔率,中華商業銀行-排名,中華商業銀行-市佔率,大眾商業銀行-排名,大眾商業銀行-市佔率,慶豐商業銀行-排名,慶豐商業銀行-市佔率,臺北國際商業銀行-排名,臺北國際商業銀行-市佔率,高雄區中小企業銀行-排名,高雄區中小企業銀行-市佔率,花蓮區中小企業銀行-排名,花蓮區中小企業銀行-市佔率,臺東區中小企業銀行-排名,臺東區中小企業銀行-市佔率
2017年1月,4849.0,3536.0,4223.0,3493.0,3403.0,2799.0,1511.0,2897.0,3401.0,150.0,364.0,4290.0,1279.0,328.0,2085.0,819.0,956.0,507.0,545.0,96.0,227.0,1271.0,626.0,314.0,290.0,853.0,946.0,1174.0,2002.0,2449.0,756.0,506.0,2369.0,311.0,507.0,4019.0,,,,,,,268.0,7.0,,,,723.0,,,,,1.0,0.07929810790037449,5.0,0.05782596608284682,3.0,0.0690608186560696,6.0,0.05712276570344568,7.0,0.05565095095586191,10.0,0.04577343864985527,15.0,0.024710134262211973,9.0,0.047376081375002044,8.0,0.05561824396147116,37.0,0.0024530245793062846,30.0,0.005952672979116584,2.0,0.07015650296815974,16.0,0.02091612291288492,31.0,0.005363947080083076,13.0,0.03409704165235736,22.0,0.013393514203012314,19.0,0.01563394331877872,27.5,0.008291223078055241,26.0,0.008912655971479501,38.0,0.0015699357307560223,36.0,0.0037122438633501774,17.0,0.02078529493532192,25.0,0.010237289244304894,32.0,0.005134998119347822,34.0,0.004742514186658817,21.0,0.013949533107655072,20.0,0.015470408346824968,18.0,0.01919900570737052,14.0,0.032739701385141214,11.0,0.04004971463147394,23.0,0.012363243879703674,29.0,0.008274869580859866,12.0,0.03874143485584392,33.0,0.005085937627761697,27.5,0.008291223078055241,4.0,0.06572470522821305,,,,,,,,,,,,,35.0,0.0043827372483605615,39.0,0.00011447448036762662,,,,,,,24.0,0.011823578472256293,,,,,,,,
2017年2月,4620.0,3306.0,3937.0,3240.0,3107.0,2587.0,1278.0,2713.0,3229.0,139.0,351.0,3836.0,1096.0,308.0,1960.0,745.0,938.0,483.0,493.0,92.0,214.0,1197.0,576.0,282.0,281.0,832.0,903.0,1061.0,1815.0,2261.0,693.0,454.0,2145.0,275.0,486.0,3615.0,,,,,,,231.0,7.0,,,,654.0,,,,,1.0,0.08185683912119064,5.0,0.05857547838412473,2.0,0.06975549255846918,6.0,0.057406094968107724,8.0,0.055049610205527996,10.0,0.04583628632175762,15.0,0.02264351523742027,9.0,0.048068745570517366,7.0,0.05721119773210489,37.0,0.0024627923458540044,30.0,0.006218993621545004,3.0,0.06796598157335224,17.0,0.019418851878100638,31.0,0.005457122608079376,13.0,0.03472714386959603,22.0,0.013199858256555634,19.0,0.0166194188518781,28.0,0.008557760453579023,26.0,0.008734939759036145,38.0,0.001630049610205528,36.0,0.003791637136782424,16.0,0.021208362863217575,25.0,0.010205527994330263,32.0,0.004996456413890857,33.0,0.004978738483345145,21.0,0.0147413182140326,20.0,0.01599929128277817,18.0,0.01879872430900071,14.0,0.032158043940467756,11.0,0.04006024096385542,23.0,0.012278525868178597,29.0,0.008043940467753367,12.0,0.0380049610205528,34.0,0.004872430900070872,27.0,0.008610914245216159,4.0,0.06405031892274982,,,,,,,,,,,,,35.0,0.004092841956059533,39.0,0.00012402551381998582,,,,,,,24.0,0.011587526576895818,,,,,,,,
2017年3月,4991.0,3652.0,4210.0,3482.0,3414.0,2816.0,1448.0,2903.0,3393.0,152.0,360.0,4208.0,1179.0,330.0,2083.0,801.0,965.0,505.0,546.0,95.0,221.0,1309.0,645.0,320.0,290.0,844.0,934.0,1174.0,1969.0,2581.0,796.0,502.0,2374.0,299.0,495.0,4015.0,,,,,,,265.0,,,,,713.0,,,,,1.0,0.08144715155273421,5.0,0.05959627278513031,2.0,0.06870216550531177,6.0,0.056822076078264984,7.0,0.05571239739551886,10.0,0.04595375250901614,15.0,0.023629628420829323,9.0,0.04737348847076486,8.0,0.0553697025082002,37.0,0.0024804582320207577,30.0,0.005874769496891268,3.0,0.06866952789699571,17.0,0.019239870102318903,31.0,0.0053852053721503285,13.0,0.03399206906117919,22.0,0.013071362130583072,19.0,0.015747646012500203,27.0,0.008240996099805806,26.0,0.00891006707028509,38.0,0.0015502863950129734,36.0,0.003606455718924917,16.0,0.02136131464286297,25.0,0.010525628681930188,32.0,0.005222017330570016,34.0,0.004732453205829077,21.0,0.013773070709378417,20.0,0.015241763083601234,18.0,0.019158276081528744,14.0,0.03213172538716363,11.0,0.042118833531878785,23.0,0.012989768109792915,28.0,0.008192039687331712,12.0,0.03874084107116631,33.0,0.0048793224432513585,29.0,0.008077808058225493,4.0,0.06551999869449567,,,,,,,,,,,,,35.0,0.0043244831018782945,,,,,,,,,24.0,0.011635307364676316,,,,,,,,
2017年4月,4814.0,3471.0,4122.0,3439.0,3260.0,2754.0,1378.0,2965.0,3444.0,149.0,357.0,4144.0,1159.0,307.0,2038.0,759.0,956.0,500.0,529.0,96.0,218.0,1254.0,614.0,309.0,292.0,842.0,923.0,1141.0,1922.0,2498.0,778.0,525.0,2333.0,293.0,495.0,3881.0,,,,,,,249.0,,,,,691.0,,,,,1.0,0.08036862051119384,5.0,0.057947545034140804,3.0,0.06881583999732883,7.0,0.05741331240922219,8.0,0.0544249486635837,10.0,0.04597739528205813,15.0,0.02300539241055777,9.0,0.04949999165261523,6.0,0.057496786256865724,37.0,0.002487520659777292,30.0,0.005960032721748276,2.0,0.06918312492696038,17.0,0.019349237883771013,32.0,0.005125294245312943,13.0,0.03402394029950417,23.0,0.012671330072288352,19.0,0.015960199669443564,28.0,0.008347384764353328,26.0,0.008831533080685822,38.0,0.001602697874755839,36.0,0.0036394597572580512,16.0,0.020935240988998148,25.0,0.010250588490625887,31.0,0.005158683784370357,34.0,0.004874872702382344,21.0,0.014056995943171004,20.0,0.015409272274996244,18.0,0.019048732032254295,14.0,0.03208734703417419,11.0,0.041703534282709225,22.0,0.01298853069333378,27.0,0.008764754002570995,12.0,0.03894889731047263,33.0,0.0048915674719110505,29.0,0.008263910916709794,4.0,0.06479240054091054,,,,,,,,,,,,,35.0,0.0041569976126479575,,,,,,,,,24.0,0.011536085744336299,,,,,,,,
2017年5月,4979.0,3633.0,4212.0,3716.0,3366.0,3020.0,1436.0,3031.0,3588.0,154.0,359.0,4358.0,1215.0,327.0,2088.0,795.0,972.0,510.0,551.0,97.0,218.0,1309.0,654.0,324.0,297.0,852.0,935.0,1177.0,2007.0,2593.0,917.0,532.0,2391.0,303.0,503.0,4079.0,,,,,,,256.0,,,,,720.0,,,,,1.0,0.07969715401607068,6.0,0.05815219131158562,3.0,0.06742004673944361,5.0,0.05948074398949963,8.0,0.053878413419982715,10.0,0.048340109485545985,15.0,0.022985561993789417,9.0,0.04851618273201652,7.0,0.057431891666933445,37.0,0.0024650254505874446,30.0,0.005746390498447354,2.0,0.06975701891987067,17.0,0.019448090405608732,31.0,0.005234177417805807,13.0,0.03342190351186093,23.0,0.012725293722188431,19.0,0.015558472324486986,28.0,0.008163395972724653,26.0,0.008819668982296636,38.0,0.001552645900694689,36.0,0.003489451611870538,16.0,0.02095271632999328,25.0,0.010468354835611614,32.0,0.005186157441495662,34.0,0.004753977654704357,22.0,0.013637673272081185,20.0,0.014966225949995198,18.0,0.018839837372346898,14.0,0.03212536415148702,11.0,0.04150526619073534,21.0,0.014678106092134328,27.0,0.008515542465665717,12.0,0.03827192111918558,33.0,0.004850017607324647,29.0,0.008051349361334314,4.0,0.06529116112302719,,,,,,,,,,,,,35.0,0.004097704645132375,,,,,,,,,24.0,0.011524794314434804,,,,,,,,
2017年6月,4842.0,3564.0,4183.0,3522.0,3299.0,2807.0,1455.0,3062.0,3505.0,153.0,362.0,4338.0,1186.0,336.0,2128.0,802.0,966.0,511.0,555.0,97.0,216.0,1275.0,639.0,313.0,292.0,853.0,929.0,1155.0,1958.0,2559.0,837.0,524.0,2351.0,291.0,515.0,4003.0,,,,,,,243.0,,,,,704.0,,,,,1.0,0.07894994293168107,5.0,0.05811185390510354,3.0,0.06820479373879015,6.0,0.05742703407793902,8.0,0.05379096690037502,10.0,0.045768791782162074,15.0,0.02372411544105658,9.0,0.04992662644708951,7.0,0.05714984510027719,37.0,0.002494700798956465,30.0,0.0059024947007989565,2.0,0.07073210500570683,17.0,0.01933800750040763,31.0,0.005478558617316159,13.0,0.034697537909669,23.0,0.013076797652046307,19.0,0.015750856024783957,29.0,0.008331974563834992,26.0,0.009049404858959727,38.0,0.0015816076960704385,36.0,0.0035219305397032447,16.0,0.020789173324637207,25.0,0.010419044513288766,32.0,0.005103538235773683,33.0,0.004761128322191424,21.0,0.013908364585031795,20.0,0.015147562367519974,18.0,0.018832545247024296,14.0,0.03192564813305071,11.0,0.04172509375509539,22.0,0.013647480841350073,27.0,0.00854394260557639,12.0,0.038333605087233,34.0,0.004744823088211315,28.0,0.00839719549975542,4.0,0.06526985162237078,,,,,,,,,,,,,35.0,0.00396217185716615,,,,,,,,,24.0,0.01147888472199576,,,,,,,,
2017年7月,4972.0,3653.0,4286.0,3618.0,3426.0,2905.0,1506.0,3176.0,3653.0,156.0,364.0,4511.0,1197.0,351.0,2156.0,795.0,976.0,532.0,577.0,98.0,219.0,1322.0,666.0,327.0,293.0,857.0,939.0,1199.0,2035.0,2684.0,910.0,559.0,2434.0,298.0,512.0,4196.0,,,,,,,255.0,,,,,725.0,,,,,1.0,0.07849947898575894,5.5,0.057674697653857084,3.0,0.06766869809592978,7.0,0.05712210679213111,8.0,0.05409075120780574,10.0,0.045865041523256184,15.0,0.023777195364552084,9.0,0.05014367362404876,5.5,0.057674697653857084,37.0,0.0024629764122643593,30.0,0.005746944961950172,2.0,0.07122106792131107,18.0,0.01889860747102845,31.0,0.005541696927594809,13.0,0.03403959708232025,23.0,0.012551706716347217,19.0,0.015409390886987274,28.0,0.008399381098234867,26.0,0.009109855063311124,38.0,0.0015472544128327386,36.0,0.00345763996337112,16.0,0.020872146262906944,25.0,0.010515014683128612,32.0,0.005162777479554138,34.0,0.004625974928163188,22.0,0.01353058195711895,20.0,0.014825223404591241,17.0,0.018930184091698506,14.0,0.032129211531781866,11.0,0.042375824939215004,21.0,0.01436736240487543,27.0,0.008825665477280621,12.0,0.038428747355458016,33.0,0.004704916479838328,29.0,0.008083614891534308,4.0,0.06624775016577726,,,,,,,,,,,,,35.0,0.004026019135432126,,,,,,,,,24.0,0.01144652499289526,,,,,,,,
2017年8月,4966.0,3680.0,4284.0,3615.0,3462.0,3010.0,1503.0,3242.0,3703.0,158.0,370.0,4619.0,1312.0,361.0,2160.0,795.0,973.0,537.0,593.0,98.0,213.0,1302.0,663.0,328.0,293.0,868.0,937.0,1200.0,2040.0,2658.0,910.0,575.0,2468.0,300.0,520.0,4293.0,,,,,,,250.0,,,,,719.0,,,,,1.0,0.07762043202350809,6.0,0.057519772421769984,4.0,0.06696051767795179,7.0,0.05650379818062459,8.0,0.05411235112069774,10.0,0.04704742255150208,15.0,0.023492450529869643,9.0,0.0506736690737441,5.0,0.05787927099940605,37.0,0.002469598924630342,30.0,0.005783237988058395,2.0,0.07219669261308574,16.0,0.020507049298196255,31.0,0.005642564631592109,13.0,0.03376160555190847,23.0,0.0124261464878552,19.0,0.01520835287129951,28.0,0.008393510269155023,26.0,0.009268811153834131,38.0,0.0015317765481884398,36.0,0.0033292694363687516,17.0,0.020350745568789273,25.0,0.010362937259683016,32.0,0.005126762324549064,34.0,0.004579699271624621,22.0,0.01356716371252618,20.0,0.014645659445434368,18.0,0.01875644752883804,14.0,0.031885960799024664,11.0,0.04154553127637625,21.0,0.014223639376035511,27.0,0.00898746444090156,12.0,0.038575760417643566,33.0,0.00468911188220951,29.0,0.00812779392916315,3.0,0.06710119103441808,,,,,,,,,,,,,35.0,0.003907593235174592,,,,,,,,,24.0,0.011238238144362124,,,,,,,,
2017年9月,4904.0,3633.0,4283.0,3538.0,3388.0,2924.0,1484.0,3234.0,3639.0,156.0,366.0,4598.0,1240.0,367.0,2142.0,796.0,964.0,476.0,588.0,99.0,211.0,1282.0,643.0,317.0,291.0,867.0,939.0,1163.0,1991.0,2630.0,888.0,562.0,2445.0,294.0,513.0,4174.0,,,,,,,239.0,,,,,694.0,,,,,1.0,0.07788825005558908,6.0,0.057701470728375844,3.0,0.06802515803182872,7.0,0.05619262412248658,8.0,0.053810234744766684,10.0,0.04644071026968648,15.0,0.02356977224357549,9.0,0.05136431498364093,5.0,0.05779676630348464,37.0,0.0024776849528286905,31.0,0.005813030081636542,2.0,0.0730281757250405,17.0,0.019694418855817793,30.0,0.005828912677488009,13.0,0.03402052031384009,23.0,0.012642546297766908,19.0,0.015310822400813188,29.0,0.007560115625297799,26.0,0.009338966360661987,38.0,0.0015723769892951303,36.0,0.0033512277246593183,16.0,0.020361487881579366,25.0,0.010212509132492614,32.0,0.005034782884914711,34.0,0.0046218353927765955,22.0,0.01377021060322099,20.0,0.01491375750452654,18.0,0.018471458975254915,14.0,0.031622248340268735,11.0,0.04177122708935548,21.0,0.014103745116101775,27.0,0.008926018868523872,12.0,0.038832946856834284,33.0,0.0046694831803309935,28.0,0.00814777167180204,4.0,0.06629395508401893,,,,,,,,,,,,,35.0,0.0037959404085003653,,,,,,,,,24.0,0.011022521520917379,,,,,,,,
2017年10月,5016.0,3764.0,4294.0,3624.0,3483.0,3003.0,1535.0,3293.0,3740.0,160.0,373.0,4731.0,1238.0,374.0,2188.0,847.0,989.0,539.0,608.0,101.0,210.0,1327.0,679.0,327.0,292.0,870.0,952.0,1200.0,2051.0,2705.0,930.0,570.0,2496.0,302.0,512.0,4334.0,,,,,,,252.0,,,,,707.0,,,,,1.0,0.07762783211588462,5.0,0.05825182617308407,4.0,0.06645412900829516,7.0,0.056085180141141514,8.0,0.05390305806611365,10.0,0.04647455738516776,15.0,0.02375572613594156,9.0,0.050962609879905904,6.0,0.05788040113903677,37.0,0.002476166893648632,31.0,0.005772564070818373,2.0,0.07321715983657298,17.0,0.01915934133960629,30.0,0.005788040113903677,13.0,0.03386158227064504,23.0,0.013108208493252445,19.0,0.015305806611365606,28.0,0.008341587222978829,26.0,0.009409434195864801,38.0,0.001563080351615699,36.0,0.0032499690479138293,16.0,0.02053670917419834,25.0,0.010508233254921381,32.0,0.005060666088894391,34.0,0.0045190045809087535,22.0,0.013464157484214437,20.0,0.01473319301720936,18.0,0.01857125170236474,14.0,0.0317413643679584,11.0,0.04186269654574718,21.0,0.014392720069332673,27.0,0.008821344558623252,12.0,0.03862820354091866,33.0,0.004673765011761793,29.0,0.007923734059675622,3.0,0.06707317073170732,,,,,,,,,,,,,35.0,0.0038999628574965953,,,,,,,,,24.0,0.010941562461309891,,,,,,,,
2017年11月,4951.0,3684.0,4283.0,3563.0,3401.0,2929.0,1458.0,3325.0,3629.0,159.0,373.0,4691.0,1185.0,363.0,2173.0,810.0,956.0,524.0,599.0,100.0,203.0,1306.0,658.0,314.0,291.0,873.0,946.0,1163.0,1990.0,2642.0,916.0,553.0,2427.0,292.0,510.0,4279.0,,,,,,,268.0,,,,,680.0,,,,,1.0,0.0780090440701467,5.0,0.058045913624403235,3.0,0.06748388926528748,7.0,0.05613941103250508,8.0,0.05358690343012904,10.0,0.046149967699749474,15.0,0.022972568421384343,9.0,0.05238943072777979,6.0,0.0571793215371768,37.0,0.0025052389430727778,30.0,0.0058770699733719884,2.0,0.07391242693053082,17.0,0.018671120424787684,31.0,0.005719507775694455,13.0,0.03423826555532797,23.0,0.01276253801188019,19.0,0.015062946097972174,28.0,0.00825625915830274,26.0,0.00943797564088424,38.0,0.001575621976775332,36.0,0.003198512612853924,16.0,0.020577623016685836,25.0,0.010367592607181685,32.0,0.0049474530070745424,34.0,0.004585059952416216,22.0,0.013755179857248648,20.0,0.014905383900294642,18.0,0.018324483589897113,14.0,0.03135487733782911,11.0,0.041627932626404275,21.0,0.014432697307262042,27.0,0.008713189531567586,12.0,0.03824034537633731,33.0,0.00460081617218397,29.0,0.008035672081554193,4.0,0.06742086438621646,,,,,,,,,,,,,35.0,0.00422266689775789,,,,,,,,,24.0,0.010714229442072258,,,,,,,,
2017年12月,5201.0,3873.0,4422.0,3726.0,3569.0,3049.0,1527.0,3552.0,3800.0,167.0,390.0,4881.0,1286.0,386.0,2282.0,838.0,990.0,539.0,630.0,106.0,204.0,1362.0,687.0,333.0,295.0,888.0,962.0,1193.0,2068.0,2737.0,943.0,665.0,2525.0,310.0,513.0,4475.0,,,,,,,157.0,,,,,689.0,,,,,1.0,0.07854122621564483,5.0,0.05848686197523407,4.0,0.06677740863787375,7.0,0.05626698882512836,8.0,0.05389610389610389,10.0,0.0460434913923286,15.0,0.02305949864089399,9.0,0.05363938387194201,6.0,0.05738447598912715,36.0,0.0025218967079432197,30.0,0.005889459377831471,2.0,0.07370884929024464,17.0,0.019420114768951977,31.0,0.005829054666263969,13.0,0.03446088794926004,23.0,0.012654787073391724,19.0,0.014950166112956811,28.0,0.00813953488372093,27.0,0.009513742071881607,38.0,0.0016007248565388101,35.0,0.0030806402899426154,16.0,0.02056780428873452,25.0,0.010374509211718515,32.0,0.005028692237994564,34.0,0.004454847478103292,22.0,0.013409845967985503,20.0,0.014527333131984295,18.0,0.01801570522500755,14.0,0.03122923588039867,11.0,0.041331923890063425,21.0,0.014240410752038659,26.0,0.01004228329809725,12.0,0.038130474176985805,33.0,0.004681365146481426,29.0,0.007746904258532166,3.0,0.06757777106614316,,,,,,,,,,,,,37.0,0.002370884929024464,,,,,,,,,24.0,0.010404711567502264,,,,,,,,
2018年1月,5193.0,3916.0,4501.0,3685.0,3560.0,3126.0,1581.0,3756.0,3879.0,166.0,388.0,5081.0,1310.0,401.0,2360.0,838.0,987.0,551.0,644.0,105.0,202.0,1372.0,710.0,332.0,294.0,881.0,880.0,1865.0,2090.0,2785.0,968.0,741.0,2546.0,337.0,516.0,4607.0,,,,,,,97.0,,,,,,,,,,1.0,0.07721818262925459,5.0,0.05822961740345869,4.0,0.06692837281230019,8.0,0.05479472424201871,9.0,0.05293601582132608,10.0,0.046482580184681266,16.0,0.02350894410492037,7.0,0.05585047062497212,6.0,0.057679439710933665,35.0,0.0024683647826798114,30.0,0.00576943093782992,2.0,0.07555277988431398,18.0,0.019479264248858753,29.0,0.005962736613581954,13.0,0.03509241498267684,23.0,0.012460781252323385,19.0,0.014676361689788999,27.0,0.008193186718413108,26.0,0.009576065783408425,36.0,0.0015613150733818084,34.0,0.0030036728078392887,17.0,0.020401183625522297,25.0,0.010557463829534134,32.0,0.004936729565359623,33.0,0.004371682205469064,21.0,0.01310017694904165,22.0,0.013085307281676109,15.0,0.027731929636734026,14.0,0.031077604793980758,11.0,0.04141202361303178,20.0,0.01439383800984372,24.0,0.011018423517865906,12.0,0.03785817311266747,31.0,0.005011077902187328,28.0,0.007672748360619173,3.0,0.06850455755304753,,,,,,,,,,,,,37.0,0.00144235773445748,,,,,,,,,,,,,,,,,,
2018年2月,4817.0,3677.0,4185.0,3497.0,3263.0,2881.0,1431.0,3551.0,3631.0,154.0,373.0,4578.0,1223.0,370.0,2340.0,759.0,953.0,516.0,588.0,103.0,200.0,1288.0,663.0,305.0,285.0,866.0,846.0,1698.0,1888.0,2601.0,935.0,730.0,2305.0,305.0,505.0,4222.0,,,,,,,95.0,,,,,,,,,,1.0,0.07691570728280135,5.0,0.05871269580213007,4.0,0.06682421319878008,8.0,0.05583853609465566,9.0,0.052102128474938926,10.0,0.046002522873521,16.0,0.022849569674421574,7.0,0.056700784006897986,6.0,0.05797818832133105,35.0,0.0024590033052836638,29.0,0.005955897616044198,2.0,0.07309946189343254,18.0,0.019528318456895587,30.0,0.005907994954252958,12.0,0.037364076197167355,23.0,0.012119373433183771,19.0,0.01521707889568397,27.0,0.008239257828093314,26.0,0.00938892171108308,36.0,0.0016446580548325801,34.0,0.00319351078608268,17.0,0.020566209462372458,25.0,0.010586488255864085,31.5,0.004870103948776087,33.0,0.004550752870167819,21.0,0.013827901703738004,22.0,0.013508550625129736,15.0,0.027112906573841952,14.0,0.0301467418206205,11.0,0.041531607773005255,20.0,0.014929662924936528,24.0,0.011656314369201781,13.0,0.03680521180960289,31.5,0.004870103948776087,28.0,0.008063614734858768,3.0,0.06741501269420537,,,,,,,,,,,,,37.0,0.001516917623389273,,,,,,,,,,,,,,,,,,
2018年3月,5245.0,4021.0,4552.0,3749.0,3679.0,3171.0,1677.0,3800.0,3948.0,174.0,394.0,5077.0,1335.0,413.0,2375.0,815.0,1002.0,543.0,674.0,107.0,204.0,1417.0,742.0,337.0,296.0,889.0,893.0,1871.0,2096.0,2912.0,1064.0,776.0,2573.0,342.0,522.0,4689.0,,,,,,,103.0,,,,,,,,,,1.0,0.07659506111541102,5.0,0.058720446281233116,4.0,0.06647487477547205,8.0,0.054748309651415805,9.0,0.053726068606977526,10.0,0.04630751931305402,16.0,0.02448997473604276,7.0,0.05549308526950655,6.0,0.05765439490631891,35.0,0.0025409991676037208,30.0,0.005753756735838311,2.0,0.07414168260875914,18.0,0.01949559706178717,29.0,0.006031222162185843,13.0,0.03468317829344159,23.0,0.011901806445959957,20.0,0.01463265037895936,27.0,0.007929669816142647,26.0,0.009842720913591426,36.0,0.0015625684536413687,34.0,0.0029791024723629833,17.0,0.020693079428129153,25.0,0.010835755071045753,32.0,0.004921360456795713,33.0,0.004322619273624721,22.0,0.012982461264366137,21.0,0.01304087503833404,15.0,0.02732304277348599,14.0,0.030608817559180455,11.0,0.04252522744863239,19.0,0.015538063875461834,24.0,0.011332272149772917,12.0,0.037574660104852727,31.0,0.004994377674255589,28.0,0.007622997502811163,3.0,0.06847554653387268,,,,,,,,,,,,,37.0,0.001504154679673467,,,,,,,,,,,,,,,,,,
2018年4月,5131.0,3897.0,4494.0,3830.0,3529.0,3133.0,1645.0,3747.0,3886.0,176.0,396.0,5134.0,1368.0,426.0,2385.0,811.0,1001.0,541.0,681.0,109.0,202.0,1363.0,724.0,330.0,293.0,897.0,873.0,1820.0,2074.0,2762.0,1042.0,769.0,2534.0,336.0,540.0,4615.0,,,,,,,104.0,,,,,,,,,,2.0,0.07590461256250185,5.0,0.0576496346045741,4.0,0.0664812568419184,7.0,0.056658481020148525,9.0,0.05220568655877393,10.0,0.04634752507470635,16.0,0.024335039498210007,8.0,0.05543063404242729,6.0,0.057486907896683336,35.0,0.002603627326252256,30.0,0.005858161484067576,1.0,0.07594899257374478,17.0,0.020237285126778897,29.0,0.006301961596496938,13.0,0.035282108938134264,23.0,0.011997396372673748,20.0,0.014808130418059706,27.0,0.008003195360809491,26.0,0.010074262552146513,36.0,0.0016124737418266814,34.0,0.0029882540903577027,18.0,0.020163318441374006,25.0,0.0107103760466286,32.0,0.00488180123672298,33.0,0.004334447764726767,21.0,0.013269623361637919,22.0,0.01291458327169443,15.0,0.026923873487381282,14.0,0.03068138110594988,11.0,0.040859197017663246,19.0,0.015414657238379833,24.0,0.01137607621527264,12.0,0.0374863161632001,31.0,0.004970561259208852,28.0,0.007988402023728513,3.0,0.06827125062871682,,,,,,,,,,,,,37.0,0.0015385070564217875,,,,,,,,,,,,,,,,,,
2018年5月,5334.0,4066.0,4681.0,3946.0,3707.0,3273.0,1732.0,3954.0,4217.0,188.0,409.0,5352.0,1397.0,468.0,2475.0,833.0,1039.0,555.0,729.0,110.0,205.0,1420.0,750.0,346.0,301.0,911.0,913.0,1887.0,2172.0,2887.0,1103.0,779.0,2651.0,350.0,547.0,4889.0,,,,,,,94.0,,,,,,,,,,2.0,0.07547757181265034,6.0,0.05753502193292769,4.0,0.06623744163011179,8.0,0.05583698882128201,9.0,0.05245507287392104,10.0,0.04631385312013584,16.0,0.024508277911419272,7.0,0.05595019102872506,5.0,0.059671713598415166,35.0,0.002660251874911561,30.0,0.005787462855525683,1.0,0.0757322767793972,18.0,0.019767935474741757,29.0,0.006622329135418141,13.0,0.03502193292769209,23.0,0.011787179850007075,20.0,0.014702136691665488,27.0,0.007853403141361256,26.0,0.010315551153247489,36.0,0.0015565303523418707,34.0,0.002900806565728032,17.0,0.020093391821140512,25.0,0.010612706947785482,32.0,0.004895995471911703,33.0,0.004259233055044573,22.0,0.012890901372576766,21.0,0.012919201924437526,15.0,0.026701570680628273,14.0,0.030734399320786754,11.0,0.040851846611008914,19.0,0.015607754351209849,24.0,0.01102306494976652,12.0,0.03751238149143908,31.0,0.004952596575633225,28.0,0.007740200933918211,3.0,0.06918069902363096,,,,,,,,,,,,,37.0,0.0013301259374557805,,,,,,,,,,,,,,,,,,
2018年6月,5571.0,3997.0,4594.0,3947.0,3637.0,3196.0,1750.0,3961.0,4221.0,188.0,409.0,5346.0,1431.0,478.0,2606.0,841.0,1044.0,548.0,736.0,108.0,198.0,1406.0,737.0,340.0,299.0,914.0,924.0,1836.0,2150.0,2834.0,1092.0,762.0,2614.0,342.0,549.0,4818.0,,,,,,,100.0,,,,,,,,,,1.0,0.07899438489025012,6.0,0.05667574159151494,4.0,0.06514094492654983,8.0,0.05596676308774318,9.0,0.051571096364358235,10.0,0.04531790596109126,16.0,0.024814247632011798,7.0,0.05616527706879927,5.0,0.059851965288412454,35.0,0.002665759174181839,30.0,0.005799444160853043,2.0,0.07580398162327719,17.0,0.020290964777947933,29.0,0.006777834496058079,13.0,0.03695195961658442,23.0,0.011925018433441098,20.0,0.014803471158754467,28.0,0.007770404401338552,26.0,0.01043616357552039,36.0,0.0015313935681470138,34.0,0.002807554874936192,18.0,0.01993647552606205,25.0,0.010450343145595826,32.0,0.004821053825648006,33.0,0.004239691452555159,22.0,0.012960127048947875,21.0,0.01310192274970223,15.0,0.026033690658499236,14.0,0.030486075662185922,11.0,0.04018490159378368,19.0,0.015484090522375362,24.0,0.010804832397481708,12.0,0.03706539617718791,31.0,0.004849412965798877,27.0,0.007784583971413987,3.0,0.06831716862344733,,,,,,,,,,,,,37.0,0.0014179570075435312,,,,,,,,,,,,,,,,,,
2018年7月,5406.0,4146.0,4752.0,4044.0,3747.0,3248.0,1758.0,4103.0,4273.0,197.0,420.0,5500.0,1435.0,488.0,2440.0,877.0,1066.0,571.0,725.0,108.0,199.0,1454.0,771.0,356.0,303.0,923.0,968.0,1918.0,2242.0,2989.0,1128.0,782.0,2744.0,377.0,547.0,4977.0,,,,,,,119.0,,,,,,,,,,2.0,0.07497815564277888,6.0,0.05750266986588258,4.0,0.06590754635858033,8.0,0.05608798768394336,9.0,0.05196876603653209,10.0,0.045047918891554906,16.0,0.024382463488717216,7.0,0.056906284240163106,5.0,0.05926408787672848,35.0,0.00273227833178458,30.0,0.005825161925632099,1.0,0.07628188235946796,18.0,0.019902636579243006,29.0,0.0067682833802582484,13.0,0.03384141690129124,23.0,0.012163492878046075,20.0,0.014784815744580519,27.0,0.007919446332228401,26.0,0.010055339038293505,37.0,0.0014978987808768256,34.0,0.002760017198097114,17.0,0.020166155809212077,25.0,0.010693332963481782,32.0,0.0049375182036310175,33.0,0.004202438246348872,22.0,0.012801486803234351,21.0,0.013425611295266362,15.0,0.02660157279371992,14.0,0.031095269136350398,11.0,0.04145573570408177,19.0,0.015644720600269068,24.0,0.01084589672820072,12.0,0.038057724580796384,31.0,0.005228776299912623,28.0,0.007586579936477996,3.0,0.06902816881874038,,,,,,,,,,,,,36.0,0.0016504625455957616,,,,,,,,,,,,,,,,,,
2018年8月,5357.0,4128.0,4778.0,4048.0,3696.0,3252.0,1750.0,4151.0,4369.0,201.0,431.0,5512.0,1407.0,497.0,2434.0,870.0,1078.0,578.0,702.0,112.0,198.0,1452.0,777.0,355.0,302.0,931.0,990.0,1917.0,2257.0,3013.0,1149.0,794.0,2800.0,367.0,558.0,5087.0,,,,,,,108.0,,,,,,,,,,2.0,0.07398558130541667,7.0,0.057011849846697785,4.0,0.06598900643593072,8.0,0.05590696903571527,9.0,0.051045493467392206,10.0,0.044913404966439245,16.0,0.02416926774024252,6.0,0.05732950307985526,5.0,0.06034030328978261,34.0,0.0027760130375935697,30.0,0.005952545369168301,1.0,0.0761262878766953,18.0,0.019432091263154986,29.0,0.006864072038228876,13.0,0.03361599867414303,23.0,0.012015578819434854,20.0,0.014888268927989393,27.0,0.007982763859348672,26.0,0.009695329116371571,36.0,0.0015468331353755214,35.0,0.002734580007181725,17.0,0.02005358671933265,25.0,0.010731154876667679,32.0,0.004902908598734912,33.0,0.004170925061458995,22.0,0.012858050437809021,21.0,0.013672900035908627,15.0,0.026475706433168524,14.0,0.031171449879844212,11.0,0.04161257354362898,19.0,0.015868850647736375,24.0,0.010965942049001464,12.0,0.03867082838438803,31.0,0.005068640720382289,28.0,0.007706543656603044,3.0,0.07025660856835068,,,,,,,,,,,,,37.0,0.0014915890948263956,,,,,,,,,,,,,,,,,,
2018年9月,5314.0,4082.0,4630.0,3993.0,3648.0,3203.0,1710.0,4054.0,4108.0,198.0,421.0,5320.0,1423.0,463.0,2363.0,877.0,1042.0,572.0,693.0,115.0,195.0,1423.0,759.0,344.0,299.0,954.0,1002.0,1828.0,2206.0,2971.0,1112.0,786.0,2723.0,357.0,531.0,4992.0,,,,,,,115.0,,,,,,,,,,2.0,0.0750289441730438,6.0,0.05763420212916161,4.0,0.06537147375257674,8.0,0.05637760144579674,9.0,0.05150650890915765,10.0,0.045223505492333324,16.0,0.02414367605116765,7.0,0.05723886708270974,5.0,0.05800129895800977,34.0,0.0027955835427667807,30.0,0.005944144805579872,1.0,0.07511365882585491,17.5,0.020091491825036004,29.0,0.006537147375257674,13.0,0.033363454098777286,23.0,0.01238245841922458,20.0,0.014712111371530228,27.0,0.008076130234659588,26.0,0.009784542399683733,36.5,0.001623697512213029,35.0,0.0027532262163612233,17.5,0.020091491825036004,25.0,0.010716403580605991,32.0,0.004856973427837235,33.0,0.004221613531753876,22.0,0.013469629796967215,21.0,0.014147347019456132,15.0,0.025809730889786237,14.0,0.031146754016886453,11.0,0.04194787225030356,19.0,0.0157004489876599,24.0,0.011097619518256007,12.0,0.038446333267444156,31.0,0.005040521842261316,28.0,0.007497246773783639,3.0,0.07048259113884732,,,,,,,,,,,,,36.5,0.001623697512213029,,,,,,,,,,,,,,,,,,
2018年10月,5493.0,4248.0,4718.0,4150.0,3803.0,3314.0,1865.0,4161.0,4222.0,212.0,433.0,5720.0,1500.0,521.0,2476.0,922.0,1094.0,591.0,732.0,115.0,221.0,1479.0,784.0,359.0,304.0,943.0,1027.0,1898.0,2323.0,3095.0,1164.0,849.0,2854.0,370.0,562.0,5260.0,,,,,,,106.0,,,,,,,,,,2.0,0.07434224772628843,5.0,0.057492420961455175,4.0,0.06385339974014725,8.0,0.05616608921611087,9.0,0.051469792117799916,10.0,0.044851667388479864,16.0,0.02524090515374621,7.0,0.056314963187527066,6.0,0.05714053702901689,35.0,0.0028692074491121697,30.0,0.005860220874837592,1.0,0.0774144651364227,17.0,0.020300996102208747,29.0,0.007051212646167172,13.0,0.03351017756604591,23.0,0.012478345604157644,20.0,0.014806193157210913,27.0,0.007998592464270246,26.0,0.00990688609787787,36.0,0.0015564097011693374,34.0,0.002991013425725422,18.0,0.020016782156777827,25.0,0.01061065396275444,32.0,0.004858705067128627,33.0,0.00411433521004764,22.0,0.012762559549588567,21.0,0.013899415331312257,15.0,0.025687527067994802,14.0,0.031439475963620615,11.0,0.04188772195755738,19.0,0.01575357297531399,24.0,0.011490363793850152,12.0,0.03862602858380251,31.0,0.005007579038544824,28.0,0.0076061065396275445,3.0,0.07118882633174535,,,,,,,,,,,,,37.0,0.0014346037245560848,,,,,,,,,,,,,,,,,,
2018年11月,5365.0,4153.0,4669.0,4079.0,3688.0,3230.0,1745.0,4056.0,4156.0,208.0,435.0,5726.0,1404.0,481.0,2429.0,934.0,1061.0,584.0,683.0,116.0,198.0,1447.0,768.0,351.0,301.0,943.0,977.0,1847.0,2285.0,3043.0,1126.0,824.0,2786.0,361.0,540.0,5203.0,,,,,,,118.0,,,,,,,,,,2.0,0.07418418141592921,6.0,0.05742533185840708,4.0,0.06456028761061947,7.0,0.056402101769911506,9.0,0.05099557522123894,10.0,0.04466261061946902,16.0,0.02412887168141593,8.0,0.056084070796460175,5.0,0.057466814159292036,34.0,0.0028761061946902654,30.0,0.006014933628318584,1.0,0.07917588495575222,18.0,0.019413716814159293,29.0,0.0066509955752212385,13.0,0.03358683628318584,23.0,0.012914823008849557,20.0,0.014670907079646018,27.0,0.008075221238938054,26.0,0.009444137168141593,37.0,0.0016039823008849557,35.0,0.00273783185840708,17.0,0.020008296460176992,25.0,0.010619469026548672,32.0,0.004853429203539823,33.0,0.004162057522123894,22.0,0.013039269911504425,21.0,0.013509402654867256,15.0,0.025539269911504424,14.0,0.03159568584070797,11.0,0.04207688053097345,19.0,0.015569690265486725,24.0,0.011393805309734514,12.0,0.03852323008849558,31.0,0.0049917035398230085,28.0,0.007466814159292036,3.0,0.07194413716814159,,,,,,,,,,,,,36.0,0.001631637168141593,,,,,,,,,,,,,,,,,,
2018年12月,5658.0,4353.0,4784.0,4284.0,3886.0,3309.0,1863.0,4232.0,4247.0,221.0,448.0,5948.0,1498.0,500.0,2487.0,943.0,1086.0,580.0,746.0,110.0,203.0,1491.0,794.0,367.0,303.0,965.0,994.0,1919.0,2382.0,3172.0,1169.0,892.0,2893.0,376.0,550.0,5385.0,,,,,,,132.0,,,,,,,,,,2.0,0.07526938938406279,5.0,0.05790874018890515,4.0,0.06364241053611813,6.0,0.056990820806172675,9.0,0.05169615538113609,10.0,0.04402022083277903,16.0,0.024783823333776774,8.0,0.05629905547425835,7.0,0.056498603166156715,34.0,0.002940002660635892,30.0,0.00595982439803113,1.0,0.07912731142743115,17.0,0.01992816283091659,29.0,0.006651589729945457,13.0,0.0330850073167487,23.0,0.012544898230677132,20.0,0.014447252893441533,27.0,0.00771584408673673,26.0,0.009924171877078622,37.0,0.0014633497405880005,35.0,0.0027005454303578556,18.0,0.019835040574697354,25.0,0.010562724491153386,32.0,0.004882266861779966,33.0,0.004030863376346947,22.0,0.012837568178794731,21.0,0.013223360383131568,15.0,0.025528801383530662,14.0,0.03168817347346016,11.0,0.04219768524677398,19.0,0.015551416788612478,24.0,0.011866436078222695,12.0,0.038486098177464415,31.0,0.005001995476918984,28.0,0.007316748702940003,3.0,0.07163762139151257,,,,,,,,,,,,,36.0,0.0017560196887056007,,,,,,,,,,,,,,,,,,
2019年1月,5627.0,4363.0,4855.0,4353.0,3890.0,3279.0,1887.0,4321.0,4363.0,225.0,438.0,6033.0,1508.0,529.0,2528.0,999.0,1093.0,580.0,758.0,121.0,204.0,1496.0,807.0,365.0,307.0,984.0,1028.0,1936.0,2432.0,3231.0,1198.0,855.0,2941.0,381.0,561.0,5524.0,,,,,,,111.0,,,,,,,,,,2.0,0.07393149479050334,5.5,0.05732417127616245,4.0,0.0637884142896559,7.0,0.057192784223042664,9.0,0.05110956366359659,10.0,0.04308181471797769,16.0,0.02479273692370354,8.0,0.056772345653059345,5.5,0.05732417127616245,34.0,0.0029562086951951754,30.0,0.0057547529266466085,1.0,0.07926580914716663,17.0,0.019813167610463665,29.0,0.006950375110036657,13.0,0.03321464702868179,22.0,0.01312556660666658,20.0,0.014360604905992563,27.0,0.007620449080947563,26.0,0.009959138626479746,36.0,0.0015897833427494055,35.0,0.002680295883643626,18.0,0.019655503146719922,25.0,0.010602935186766697,32.0,0.004795627438872173,33.0,0.004033582530777417,23.0,0.0129284860269869,21.0,0.013506589060713958,15.0,0.025436533483990487,14.0,0.031953331318731855,11.0,0.04245115686300272,19.0,0.01574016896375031,24.0,0.011233593041741667,12.0,0.03864093232252894,31.0,0.00500584672386383,28.0,0.007370813680019971,3.0,0.07257820814336956,,,,,,,,,,,,,37.0,0.0014583962896296198,,,,,,,,,,,,,,,,,,
2019年2月,5207.0,4049.0,4648.0,4031.0,3534.0,3000.0,1734.0,4013.0,4046.0,205.0,423.0,5416.0,1378.0,467.0,2376.0,912.0,1042.0,537.0,677.0,118.0,198.0,1389.0,737.0,329.0,293.0,959.0,956.0,1743.0,2231.0,3003.0,1083.0,740.0,2637.0,339.0,529.0,4977.0,,,,,,,96.0,,,,,,,,,,2.0,0.07433049734482955,5.0,0.05779992005938446,4.0,0.06635071090047394,7.0,0.057542968080854226,9.0,0.050448238451436075,11.0,0.04282532975503912,16.0,0.024753040598412608,8.0,0.057286016102323985,6.0,0.05775709472962942,34.0,0.002926397533261006,30.0,0.006038371495460515,1.0,0.07731399531776395,18.0,0.0196711014674813,29.0,0.006666476331867756,13.0,0.03391766116599098,23.0,0.01301890024553189,20.0,0.014874664534916919,27.0,0.007665734026152001,26.0,0.009664249414720494,36.0,0.0016844629703648719,35.0,0.0028264717638325815,17.0,0.01982812767658311,25.0,0.010520756009821275,32.0,0.004696511163135957,33.0,0.004182607206075487,21.0,0.01368983041169417,22.0,0.013647005081939131,15.0,0.024881516587677725,14.0,0.03184777022783075,10.0,0.042868155084794156,19.0,0.01545994404156912,24.0,0.010563581339576314,12.0,0.037643464854679384,31.0,0.00483926226231942,28.0,0.00755153314680523,3.0,0.07104722206360989,,,,,,,,,,,,,37.0,0.0013704105521612517,,,,,,,,,,,,,,,,,,
2019年3月,5608.0,4467.0,4937.0,4390.0,3885.0,3349.0,1913.0,4236.0,4354.0,225.0,442.0,5877.0,1548.0,499.0,2546.0,981.0,1105.0,590.0,732.0,119.0,210.0,1530.0,848.0,371.0,302.0,984.0,988.0,1905.0,2444.0,3346.0,1188.0,853.0,2916.0,372.0,561.0,5483.0,,,,,,,110.0,,,,,,,,,,2.0,0.07358228147059595,5.0,0.05861127876768048,4.0,0.0647781247539822,6.0,0.057600965701839556,9.0,0.05097488650379196,10.0,0.04394205788962658,15.0,0.02510037525913874,8.0,0.05558033957015771,7.0,0.05712861154118666,34.0,0.002952213504080615,30.0,0.00579945941690503,1.0,0.07711181672658567,17.0,0.020311228908074633,29.0,0.0065473535046054535,13.0,0.03340593591728554,23.0,0.012871650877791482,20.0,0.014498648542262576,27.0,0.007741359855144724,26.0,0.009604534599942267,36.0,0.0015613929199359698,35.0,0.0027553992704752407,18.0,0.020075051827748183,25.0,0.011126564673157162,32.0,0.004867872044506259,33.0,0.003962526569921537,22.0,0.012911013724512557,21.0,0.012963497520140657,16.0,0.02499540766788254,14.0,0.03206759912876899,11.0,0.043902695042905504,19.0,0.015587687301545647,24.0,0.011192169417692287,12.0,0.03826068701288477,31.0,0.004880992993413284,28.0,0.007360852336841001,3.0,0.07194216285721783,,,,,,,,,,,,,37.0,0.0014433043797727452,,,,,,,,,,,,,,,,,,
2019年4月,5483.0,4284.0,4865.0,4298.0,3682.0,3238.0,1849.0,4152.0,4221.0,219.0,444.0,5756.0,1450.0,490.0,2508.0,939.0,1080.0,542.0,667.0,119.0,201.0,1459.0,797.0,356.0,301.0,987.0,988.0,1830.0,2426.0,3203.0,1146.0,832.0,2828.0,361.0,562.0,5319.0,,,,,,,,,,,,,,,,,2.0,0.0742129341382204,6.0,0.057984353428439946,4.0,0.06584824449798327,5.0,0.058173844779513276,9.0,0.04983622533228662,10.0,0.04382664248396091,15.0,0.025026393438185215,8.0,0.056197720689748515,7.0,0.05713164234860994,34.0,0.00296418613464714,30.0,0.006009582848325709,1.0,0.0779080154841504,18.0,0.01962588993259522,29.0,0.00663219728756666,13.0,0.03394602203513711,23.0,0.012709455618418559,20.0,0.01461790422565713,28.0,0.007336022305839041,26.0,0.009027909368993801,36.0,0.0016106764841233318,35.0,0.0027205543975528544,17.0,0.01974770580114236,25.0,0.010787471914674752,32.0,0.004818494355864757,33.0,0.004074064048076663,22.0,0.013359140250669987,21.0,0.013372675347175225,16.0,0.024769226604585692,14.0,0.032836144121707586,11.0,0.043352914106277576,19.0,0.015511220595002843,24.0,0.011261200292358085,12.0,0.0382772529168133,31.0,0.004886169838390948,27.0,0.007606724235943802,3.0,0.07199317831136136,,,,,,,,,,,,,,,,,,,,,,,,,,,,,,,,
2019年5月,5542.0,4425.0,4959.0,4436.0,3786.0,3417.0,1967.0,4268.0,4432.0,229.0,440.0,6060.0,1504.0,529.0,2637.0,976.0,1110.0,565.0,686.0,123.0,208.0,1510.0,830.0,375.0,303.0,1003.0,1012.0,1881.0,2524.0,3327.0,1169.0,827.0,2943.0,374.0,583.0,5590.0,,,,,,,,,,,,,,,,,3.0,0.07239712606139778,7.0,0.05780535597648596,4.0,0.06478118876551274,5.0,0.05794905290659699,9.0,0.0494578706727629,10.0,0.0446374918354017,15.0,0.025695623775310254,8.0,0.05575440888308295,6.0,0.05789679947746571,34.0,0.002991508817766166,30.0,0.005747877204441541,1.0,0.07916394513389942,18.0,0.019647289353363816,29.0,0.006910516002612672,13.0,0.034448073154800786,23.0,0.012749836708033965,20.0,0.01450032658393207,28.0,0.007380796864794252,26.0,0.008961463096015676,36.0,0.0016067929457870673,35.0,0.0027171783148269104,17.0,0.019725669497060744,24.0,0.010842586544742,31.0,0.004898758981058132,33.0,0.003958197256694971,22.0,0.01310254735467015,21.0,0.013220117570215545,16.0,0.02457217504898759,14.0,0.03297191378184193,11.0,0.043461789679947745,19.0,0.01527106466361855,25.0,0.010803396472893533,12.0,0.03844546048334422,32.0,0.00488569562377531,27.0,0.007615937295885043,2.0,0.07302416721097323,,,,,,,,,,,,,,,,,,,,,,,,,,,,,,,,
2019年6月,5485.0,4329.0,5081.0,4322.0,3692.0,3220.0,1811.0,4242.0,4320.0,215.0,445.0,5675.0,1393.0,467.0,2475.0,935.0,1055.0,545.0,624.0,122.0,200.0,1467.0,803.0,357.0,300.0,997.0,995.0,1814.0,2528.0,3222.0,1125.0,744.0,2871.0,363.0,546.0,5475.0,,,,,,,,,,,,,,,,,2.0,0.07386210611365472,5.0,0.05829517910045785,4.0,0.06842176137893886,6.0,0.058200915701589015,9.0,0.04971720980339348,11.0,0.04336116347966604,16.0,0.024387287907352544,8.0,0.057123619714516564,7.0,0.0581739833019122,34.0,0.002895232965257204,30.0,0.0059924589280904925,1.0,0.07642068408295179,18.0,0.018758416374899004,29.0,0.006288715324535416,14.0,0.033328844600053864,23.0,0.012590896848909237,20.0,0.01420684082951791,28.0,0.007339078911931053,26.0,0.008402908699165096,36.0,0.0016428763802854834,35.0,0.00269323996768112,17.0,0.01975491516294102,24.0,0.010813358470239698,32.0,0.0048074333423108,33.0,0.004039859951521681,21.0,0.013425801238890386,22.0,0.013398868839213573,15.0,0.024427686506867764,13.0,0.03404255319148936,10.0,0.04338809587934285,19.0,0.015149474818206303,25.0,0.010018852679773768,12.0,0.038661459736062484,31.0,0.0048882305413412335,27.0,0.0073525451117694585,3.0,0.07372744411527067,,,,,,,,,,,,,,,,,,,,,,,,,,,,,,,,
2019年7月,5611.0,4400.0,4962.0,4369.0,3749.0,3279.0,1948.0,4384.0,4415.0,220.0,438.0,5853.0,1492.0,510.0,2619.0,929.0,1083.0,551.0,638.0,124.0,199.0,1518.0,830.0,377.0,303.0,1013.0,1003.0,1855.0,2677.0,3311.0,1169.0,778.0,2969.0,369.0,563.0,5637.0,,,,,,,,,,,,,,,,,3.0,0.07368835773852518,6.0,0.0577844901175389,4.0,0.06516514544618819,8.0,0.05737737211898352,9.0,0.04923501214787576,11.0,0.04306257797622956,15.0,0.025582769715674043,7.0,0.057574364698929674,5.0,0.057981482697485064,34.0,0.0028892245058769455,30.0,0.0057521833344277365,1.0,0.07686650469498982,18.0,0.01959419528531092,29.0,0.006697747718169282,14.0,0.034394904458598725,23.0,0.012200407117998555,20.0,0.014222864272112418,28.0,0.00723619410335544,26.0,0.008378751067043142,36.0,0.001628471994221551,35.0,0.002613434893952328,17.0,0.019935649090550924,24.0,0.01090025609035393,31.0,0.004951080175980038,33.0,0.0039792501149123385,21.0,0.013303565565697026,22.0,0.013172237179066255,16.0,0.02436141572000788,13.0,0.035156609101057196,10.0,0.043482828813448025,19.0,0.01535228839713704,25.0,0.010217348479873925,12.0,0.038991397990675684,32.0,0.004846017466675422,27.0,0.007393788167312365,2.0,0.07402981154376519,,,,,,,,,,,,,,,,,,,,,,,,,,,,,,,,
2019年8月,5586.0,4332.0,4932.0,4311.0,3712.0,3240.0,1916.0,4377.0,4318.0,218.0,433.0,5687.0,1519.0,512.0,2571.0,917.0,1086.0,550.0,646.0,123.0,198.0,1546.0,847.0,386.0,303.0,1008.0,992.0,1831.0,2629.0,3267.0,1140.0,783.0,2962.0,362.0,563.0,5636.0,,,,,,,,,,,,,,,,,3.0,0.07404658068108008,6.0,0.05742387889553149,4.0,0.06537732472593752,8.0,0.05714550829146728,9.0,0.049205318204111934,11.0,0.042948607484192526,15.0,0.02539800368509657,5.0,0.05802038733281194,7.0,0.05723829849282201,34.0,0.0028897519850475217,30.0,0.005739736740943013,1.0,0.07538541072919842,18.0,0.020135473693977914,29.0,0.006786940441946473,14.0,0.03408051538328981,23.0,0.012155516377470539,20.0,0.014395736953034902,28.0,0.007290658677872188,26.0,0.008563210010737152,36.0,0.0016304563952332348,35.0,0.002624637124033988,17.0,0.020493378756346187,24.0,0.01122761436392317,31.0,0.005116716817561208,33.0,0.004016490144355042,21.0,0.013361788995082119,22.0,0.013149697106271292,16.0,0.024271265525789048,13.0,0.03484934848022906,10.0,0.043306512546560795,19.0,0.015111547077771445,25.0,0.010379246808679861,12.0,0.0392635109161044,32.0,0.004798578984344967,27.0,0.007462983337530985,2.0,0.07470936783361391,,,,,,,,,,,,,,,,,,,,,,,,,,,,,,,,
2019年9月,5453.0,4153.0,4830.0,4166.0,3683.0,3073.0,1828.0,4260.0,4175.0,206.0,432.0,5367.0,1399.0,437.0,2467.0,844.0,1038.0,543.0,644.0,128.0,196.0,1607.0,804.0,373.0,299.0,991.0,966.0,1756.0,2533.0,3161.0,1050.0,719.0,2906.0,352.0,528.0,5436.0,,,,,,,,,,,,,,,,,1.0,0.07490075958408307,8.0,0.05704435256788869,4.0,0.06634341991401453,7.0,0.05722291663805063,9.0,0.050588574646649176,11.0,0.04220979904674258,15.0,0.02510885540431026,5.0,0.058514072222298534,6.0,0.05734653791739351,34.0,0.002829553727181572,30.0,0.005933821408458443,3.0,0.07371948958147329,18.0,0.019216241088966114,29.0,0.006002499896982267,14.0,0.033885966237655045,23.0,0.011592928862821587,20.0,0.014257654217545981,27.0,0.007458483853687348,26.0,0.008845789321868604,36.0,0.001758169306209909,35.0,0.002692196750133923,17.0,0.022073266211557217,24.0,0.01104350095463099,31.0,0.0051234152438773125,33.0,0.004106973613724709,21.0,0.01361207642542203,22.0,0.013268683982802907,16.0,0.024119885169567187,13.0,0.034792522286169525,10.0,0.04341854044476189,19.0,0.01442248259000316,25.0,0.009875966649725973,12.0,0.03991593753004684,32.0,0.004834965592077249,28.0,0.007252448388115874,2.0,0.07466725272310207,,,,,,,,,,,,,,,,,,,,,,,,,,,,,,,,
2019年10月,5501.0,4263.0,4917.0,4236.0,3594.0,3103.0,1878.0,4298.0,4282.0,207.0,434.0,5372.0,1372.0,427.0,2481.0,879.0,1051.0,550.0,686.0,132.0,195.0,1515.0,836.0,374.0,299.0,1012.0,974.0,1813.0,2647.0,3255.0,1089.0,748.0,2981.0,364.0,535.0,5505.0,,,,,,,,,,,,,,,,,2.0,0.07453424564731387,7.0,0.05776031434184676,4.0,0.06662150260822437,8.0,0.05739448546846419,9.0,0.04869588781247883,11.0,0.04204322200392927,15.0,0.025445430526387102,5.0,0.05823453695549082,6.0,0.05801774947496782,34.0,0.00280468802926631,29.0,0.005880360409186369,3.0,0.07278639658559719,18.0,0.01858952645484723,30.0,0.005785515886457557,14.0,0.03361560869859766,23.0,0.011909762211232302,20.0,0.014240227626854549,27.0,0.007452069642978118,26.0,0.009294763227423616,36.0,0.0017884967143147483,35.0,0.00264209741887406,17.0,0.02052706456202154,24.0,0.01132714585732674,31.0,0.0050674073572251205,33.0,0.004051216042273559,21.0,0.013711808143079738,22.0,0.013196937876837612,16.0,0.024564731386762413,13.0,0.03586477880902378,10.0,0.04410270306889777,19.0,0.014755097893096673,25.0,0.010134814714450241,12.0,0.0403902174649414,32.0,0.004931915181898245,28.0,0.007248831379987806,1.0,0.07458844251744462,,,,,,,,,,,,,,,,,,,,,,,,,,,,,,,,
2019年11月,5323.0,4140.0,4765.0,4148.0,3507.0,2962.0,1839.0,4173.0,4208.0,199.0,419.0,5226.0,1340.0,456.0,2452.0,815.0,1053.0,543.0,637.0,130.0,197.0,1463.0,802.0,363.0,299.0,1024.0,957.0,1765.0,2549.0,3100.0,1056.0,727.0,2861.0,347.0,534.0,5348.0,,,,,,,,,,,,,,,,,2.0,0.07421194250421738,8.0,0.05771885064201765,4.0,0.06643244524377152,7.0,0.0578303846529201,9.0,0.048893722029361326,11.0,0.04129546753663195,15.0,0.025638880756200595,6.0,0.058178928436990254,5.0,0.05866688973468847,34.0,0.002774408521198433,30.0,0.005841593821015796,3.0,0.07285959262202518,18.0,0.0186819468261603,29.0,0.006357438621439625,14.0,0.034185174341600795,23.0,0.011362527360687049,20.0,0.014680664185034924,27.0,0.007570370990003765,26.0,0.008880895618107546,36.0,0.0018124276771648055,35.0,0.0027465250184728206,17.0,0.020396782243785463,24.0,0.011181284592970568,31.0,0.005060855744698649,33.0,0.004168583657479052,21.0,0.014276353395513544,22.0,0.01334225605420553,16.0,0.024607191155352936,13.0,0.03553752422379299,10.0,0.04321942922469921,19.0,0.014722489439123342,25.0,0.010135653240760104,12.0,0.039887350648988525,32.0,0.00483778772289375,28.0,0.007444895227738509,1.0,0.07456048628828753,,,,,,,,,,,,,,,,,,,,,,,,,,,,,,,,
2019年12月,5604.0,4259.0,4875.0,4282.0,3622.0,3029.0,1850.0,4302.0,4257.0,220.0,428.0,5384.0,1274.0,441.0,2471.0,840.0,1056.0,554.0,622.0,128.0,193.0,1524.0,835.0,379.0,295.0,1061.0,975.0,1775.0,2604.0,3223.0,1098.0,725.0,2986.0,367.0,515.0,5492.0,,,,,,,,,,,,,,,,,1.0,0.07619824597185397,7.0,0.05791012305391257,4.0,0.06628594737915562,6.0,0.05822285675436807,9.0,0.049248759263036235,11.0,0.04118566863824869,15.0,0.025154667210551363,5.0,0.05849479910259025,8.0,0.05788292881909035,34.0,0.002991365830443946,30.0,0.005819566251954586,3.0,0.07320688014141002,18.0,0.01732272758175267,29.0,0.005996328778299,14.0,0.033598477122849954,23.0,0.011421578625331429,21.0,0.014358555986130941,27.0,0.0075328030457543,26.0,0.008457407029709702,36.0,0.001740431028621932,35.0,0.002624243660344007,17.0,0.020722006934529878,24.0,0.011353593038275886,31.0,0.005153307498810252,33.0,0.0040111496362771094,20.0,0.014426541573186484,22.0,0.013257189475831124,16.0,0.0241348834047182,13.0,0.035406893738527435,10.0,0.043823509416003804,19.0,0.014929634917397511,25.0,0.009857910123053912,12.0,0.04060099258957101,32.0,0.004990142089876946,28.0,0.007002515466721055,2.0,0.07467536882180978,,,,,,,,,,,,,,,,,,,,,,,,,,,,,,,,
2020年1月,5415.0,4182.0,4853.0,4284.0,3573.0,2996.0,1862.0,4252.0,4186.0,226.0,410.0,5170.0,1427.0,457.0,2451.0,878.0,1068.0,543.0,643.0,132.0,192.0,1513.0,847.0,386.0,295.0,1073.0,964.0,1750.0,2573.0,3202.0,1061.0,720.0,3008.0,365.0,532.0,5527.0,,,,,,,,,,,,,,,,,2.0,0.07416182754464774,8.0,0.05727511778240386,4.0,0.06646488440889668,5.0,0.05867207187465761,9.0,0.048934480113947625,12.0,0.04103210255286512,15.0,0.0255012599978087,6.0,0.058233811767283886,7.0,0.057329900295825575,34.0,0.003095212008326942,30.0,0.005615207625725868,3.0,0.07080639859756765,18.0,0.01954366166319711,29.0,0.006258902158431029,14.0,0.03356798509915635,23.0,0.012024761696066616,20.0,0.014626931083598116,27.0,0.007436726196997918,26.0,0.008806289032540812,36.0,0.001807822942916621,35.0,0.0026295606442423578,17.0,0.020721485701763995,24.0,0.011600197217048318,31.0,0.005286512545195574,33.0,0.004040210364851539,19.0,0.01469540922537526,22.0,0.013202585734633504,16.0,0.023967349622000658,13.0,0.03523885175851868,10.0,0.04385340199408349,21.0,0.014531061685110112,25.0,0.009860852415908842,11.0,0.04119645009313027,32.0,0.004998904349731566,28.0,0.0072860742850882,1.0,0.0756957379204558,,,,,,,,,,,,,,,,,,,,,,,,,,,,,,,,
2020年2月,5160.0,4027.0,4694.0,4026.0,3353.0,2763.0,1742.0,4051.0,3917.0,209.0,387.0,4871.0,1338.0,416.0,2326.0,876.0,1024.0,527.0,578.0,129.0,183.0,1423.0,806.0,357.0,290.0,1051.0,953.0,1634.0,2439.0,3033.0,1031.0,671.0,2863.0,339.0,510.0,5217.0,,,,,,,,,,,,,,,,,2.0,0.07455139133701275,6.0,0.05818187071979657,4.0,0.0678186494061895,7.0,0.05816742277573901,9.0,0.048443956425000725,12.0,0.039919669431039966,15.0,0.02516831854827058,5.0,0.05852862137717803,8.0,0.056592596873464907,34.0,0.003019620308030167,30.0,0.005591354350275956,3.0,0.07037593550437772,18.0,0.019331349149016096,29.0,0.006010344727945214,14.0,0.03360591787788598,23.0,0.012656398994423093,21.0,0.014794694714942064,27.0,0.007614066518334441,26.0,0.008350911665270033,36.0,0.0018637847834253186,35.0,0.0026439737625335914,17.0,0.020559424393908746,24.0,0.01164504291039385,31.0,0.005157916028549137,33.0,0.004189903776692577,19.0,0.0151847892044962,22.0,0.01376889068685526,16.0,0.023607940590054034,13.0,0.035238535556390324,10.0,0.043820614326581325,20.0,0.014895830323344988,25.0,0.009694570462623169,11.0,0.041364463836796025,32.0,0.004897853035513046,28.0,0.007368451469355911,1.0,0.07537492414829369,,,,,,,,,,,,,,,,,,,,,,,,,,,,,,,,
2020年3月,5187.0,4192.0,4819.0,4125.0,3515.0,2809.0,1813.0,4141.0,4146.0,214.0,381.0,4795.0,1357.0,438.0,2331.0,848.0,1059.0,538.0,596.0,128.0,189.0,1500.0,855.0,380.0,292.0,1065.0,961.0,1717.0,2578.0,3174.0,1094.0,708.0,2979.0,354.0,516.0,5359.0,,,,,,,,,,,,,,,,,2.0,0.07289924528832235,5.0,0.058915295208915995,3.0,0.0677272918921198,8.0,0.057973662389498685,9.0,0.049400587466445545,12.0,0.03947830730960044,15.0,0.025480303009008755,7.0,0.05819852992846401,6.0,0.05826880103439068,34.0,0.003007603333661265,30.0,0.005354658271611879,4.0,0.0673899905836718,18.0,0.0190715781484969,29.0,0.0061557488791758605,14.0,0.03276038958301126,24.0,0.011917979565162396,21.0,0.014883420235267663,27.0,0.007561170997709162,26.0,0.008376315826458477,36.0,0.001798940311722626,35.0,0.0026562478040279397,17.0,0.02108133177799952,23.0,0.012016359113459728,31.0,0.005340604050426545,33.0,0.004103832586117241,20.0,0.014967745562379661,22.0,0.013506106559105027,16.0,0.024131097775216787,13.0,0.03623178221578851,10.0,0.04460809804224699,19.0,0.015375317976754318,25.0,0.009950388599215775,11.0,0.041867524911107054,32.0,0.004975194299607888,28.0,0.007251978131631836,1.0,0.07531657133219963,,,,,,,,,,,,,,,,,,,,,,,,,,,,,,,,
2020年4月,4440.0,3505.0,4386.0,3695.0,3070.0,2484.0,1606.0,3949.0,3800.0,195.0,363.0,4181.0,1175.0,397.0,2068.0,792.0,989.0,504.0,543.0,126.0,177.0,1367.0,774.0,346.0,284.0,1033.0,930.0,1611.0,2421.0,2972.0,1010.0,669.0,2797.0,330.0,466.0,4977.0,,,,,,,,,,,,,,,,,2.0,0.06890985845542588,8.0,0.054398435559970204,3.0,0.06807176558231934,7.0,0.05734728085423392,9.0,0.04764713185994537,12.0,0.03855227216290042,16.0,0.024925502855723865,5.0,0.06128942140551279,6.0,0.0589769058852744,34.0,0.0030264464862180284,30.0,0.005633846535882791,4.0,0.0648901167121927,18.0,0.018236280109262478,29.0,0.006161534641172088,14.0,0.032095852992301964,23.0,0.012292028805562454,21.0,0.015349515768562205,27.0,0.007822200148994289,26.0,0.008427489446237894,36.0,0.001955550037248572,35.0,0.002747082195182518,17.0,0.021216165880307922,24.0,0.012012664514526943,31.0,0.005370002483238143,33.0,0.004407747703004718,19.0,0.016032406257760118,22.0,0.014433821703501366,15.0,0.025003104047678172,13.0,0.03757449714427614,10.0,0.04612614849764093,20.0,0.0156754407747703,25.0,0.010383039483486466,11.0,0.04341010677924013,32.0,0.005121678668984356,28.0,0.0072324310901415445,1.0,0.0772442264713186,,,,,,,,,,,,,,,,,,,,,,,,,,,,,,,,
2020年5月,4350.0,3446.0,4199.0,3587.0,3002.0,2452.0,1585.0,3831.0,3609.0,192.0,360.0,3953.0,1106.0,401.0,2049.0,734.0,953.0,510.0,510.0,124.0,172.0,1320.0,775.0,332.0,283.0,1014.0,891.0,1588.0,2345.0,2834.0,961.0,642.0,2730.0,313.0,459.0,4852.0,,,,,,,,,,,,,,,,,2.0,0.06964011270491803,8.0,0.05516777663934426,3.0,0.06722272028688525,7.0,0.0574250768442623,9.0,0.04805968237704918,12.0,0.0392546106557377,16.0,0.025374615778688523,5.0,0.0613313268442623,6.0,0.057777279713114756,34.0,0.0030737704918032786,30.0,0.005763319672131148,4.0,0.06328445184426229,18.0,0.0177061987704918,29.0,0.006419697745901639,14.0,0.032802894467213115,24.0,0.01175076844262295,21.0,0.015256787909836065,26.5,0.00816470286885246,26.5,0.00816470286885246,36.0,0.001985143442622951,35.0,0.0027535860655737705,17.0,0.021132172131147542,23.0,0.012407146516393443,31.0,0.005315061475409836,33.0,0.004530609631147541,19.0,0.016233350409836065,22.0,0.01426421618852459,15.0,0.02542264344262295,13.0,0.03754162397540984,10.0,0.04537013319672131,20.0,0.015384861680327868,25.0,0.010277920081967214,11.0,0.04370517418032787,32.0,0.005010886270491803,28.0,0.007348232581967213,1.0,0.07767674180327869,,,,,,,,,,,,,,,,,,,,,,,,,,,,,,,,
2020年6月,4183.0,3266.0,4054.0,3431.0,2782.0,2231.0,1424.0,3635.0,3445.0,162.0,340.0,3541.0,933.0,349.0,1903.0,666.0,914.0,499.0,462.0,120.0,168.0,1295.0,741.0,314.0,284.0,973.0,831.0,1440.0,2221.0,2586.0,916.0,580.0,2559.0,293.0,437.0,4527.0,,,,,,,,,,,,,,,,,2.0,0.07149816255020938,8.0,0.05582428852234852,3.0,0.06929322280146996,7.0,0.05864456029399197,9.0,0.04755149132552773,12.0,0.03813349286385779,16.0,0.024339800017092555,4.0,0.062131441757114776,6.0,0.058883856080676866,35.0,0.002768994103068114,30.0,0.005811469105204683,5.0,0.0605247414750876,19.0,0.015947354926929322,29.0,0.0059653021109306896,14.0,0.03252713443295445,24.0,0.011383642423724468,21.0,0.015622596359285531,26.0,0.008529185539697462,27.0,0.007896760960601658,36.0,0.0020511067430134177,34.0,0.0028715494402187848,17.0,0.02213486026835313,23.0,0.012665584138107854,31.0,0.005367062644218443,33.0,0.004854285958465088,18.0,0.01663105717460046,22.0,0.014203914195367918,15.0,0.024613280916161013,13.0,0.03796256730194,10.0,0.04420135031193915,20.0,0.015656781471669087,25.0,0.009913682591231519,11.0,0.04373985129476113,32.0,0.005008118964191095,28.0,0.007469447055807196,1.0,0.07737800188018118,,,,,,,,,,,,,,,,,,,,,,,,,,,,,,,,
2020年7月,4184.0,3314.0,4045.0,3447.0,2808.0,2265.0,1461.0,3587.0,3453.0,151.0,338.0,3427.0,932.0,336.0,2025.0,668.0,930.0,518.0,455.0,115.0,169.0,1329.0,754.0,320.0,272.0,953.0,826.0,1464.0,2270.0,2613.0,931.0,574.0,2499.0,297.0,428.0,4574.0,,,,,,,,,,,,,,,,,2.0,0.07123884764693864,8.0,0.05642579854253218,3.0,0.06887216508887829,6.0,0.05869032214125179,9.0,0.0478103929714636,13.0,0.03856500715112715,16.0,0.024875706599468774,4.0,0.061074031192535586,5.0,0.05879248110059252,35.0,0.0025710004767418105,29.0,0.005754954709528025,7.0,0.05834979227678267,19.0,0.01586869168426071,30.0,0.0057209017230811145,14.0,0.03447864877749779,24.0,0.011373697473268406,21.0,0.015834638697813798,26.0,0.008819723489750051,27.0,0.007747054416672342,36.0,0.001958046720697405,34.0,0.0028774773547640127,17.0,0.022628209493972623,23.0,0.012837975890485596,31.0,0.005448477831505823,33.0,0.00463120615677995,18.0,0.01622624804195328,22.0,0.014063883402574405,15.0,0.02492678607913914,12.0,0.03865013961724443,10.0,0.044490226792889734,20.0,0.015851665191037253,25.0,0.00977320711026357,11.0,0.04254920656541579,32.0,0.005056868487366342,28.0,0.007287339099639039,1.0,0.07787918000408636,,,,,,,,,,,,,,,,,,,,,,,,,,,,,,,,
2020年8月,4073.0,3284.0,4032.0,3417.0,2791.0,2208.0,1452.0,3415.0,3398.0,143.0,335.0,3321.0,930.0,329.0,1959.0,642.0,933.0,519.0,443.0,115.0,171.0,1313.0,764.0,321.0,266.0,943.0,816.0,1445.0,2244.0,2582.0,944.0,568.0,2454.0,291.0,428.0,4548.0,,,,,,,,,,,,,,,,,2.0,0.07042204816985667,8.0,0.05678026177014714,3.0,0.06971315939623425,4.0,0.05907982779189792,9.0,0.04825630651658973,13.0,0.03817625395508066,15.0,0.025105036568286738,5.0,0.059045247851721216,6.0,0.05875131836021924,35.0,0.0024724657226342997,29.0,0.005792139979597835,7.0,0.05741999066341615,21.0,0.016079672182167125,30.0,0.005688400159067725,14.0,0.033871051403081075,24.0,0.011100160796721822,20.0,0.01613154209243218,26.0,0.008973494475854557,27.0,0.007659456749139824,36.0,0.001988346560160451,34.0,0.0029565848851081486,17.0,0.022701730726005846,23.0,0.013209537147500734,31.0,0.005550080398360911,33.0,0.004599132043501565,19.0,0.016304441793315697,22.0,0.014108615592095025,16.0,0.024984006777668273,12.0,0.03879869287826132,10.0,0.04464270276812421,18.0,0.01632173176340405,25.0,0.009820703010183793,11.0,0.042429586596815186,32.0,0.005031381295710359,28.0,0.007400107197814548,1.0,0.07863478396182375,,,,,,,,,,,,,,,,,,,,,,,,,,,,,,,,
2020年9月,4004.0,3192.0,3984.0,3429.0,2735.0,2143.0,1382.0,3314.0,3243.0,136.0,327.0,3186.0,878.0,295.0,1903.0,612.0,912.0,513.0,428.0,114.0,166.0,1286.0,746.0,311.0,265.0,934.0,799.0,1399.0,2159.0,2530.0,888.0,538.0,2368.0,278.0,398.0,4409.0,,,,,,,,,,,,,,,,,2.0,0.07124048110454771,7.0,0.05679311081061846,3.0,0.07088463454558394,4.0,0.061009892534339194,9.0,0.04866201693829621,13.0,0.03812895879296847,16.0,0.02458899722439684,5.0,0.058963774820297486,6.0,0.05770051953597609,35.0,0.0024197566009536687,29.0,0.005818091239057718,8.0,0.05668635684292933,21.0,0.015621663938509715,31.0,0.005248736744715678,14.0,0.03385880008540317,24.0,0.01088890470429151,19.0,0.016226603088748133,26.0,0.009127464237420824,27.0,0.007615116361824781,36.0,0.0020283253860935166,34.0,0.002953526439399331,17.0,0.02288093374137072,23.0,0.0132730766493488,30.0,0.005533413991886699,33.0,0.004714966906270017,18.0,0.016618034303608285,22.0,0.014216070030602804,15.0,0.024891466799516048,12.0,0.03841363604013949,10.0,0.045014589708917516,20.0,0.0157995872179916,25.0,0.009572272436125543,11.0,0.042132232581310936,32.0,0.00494626716959647,28.0,0.007081346523379119,1.0,0.07844637392356416,,,,,,,,,,,,,,,,,,,,,,,,,,,,,,,,
2020年10月,4215.0,3396.0,4039.0,3429.0,2843.0,2193.0,1416.0,3348.0,3458.0,134.0,332.0,3240.0,890.0,335.0,1957.0,615.0,925.0,522.0,436.0,116.0,167.0,1330.0,767.0,322.0,270.0,943.0,805.0,1433.0,2231.0,2601.0,916.0,559.0,2412.0,285.0,410.0,4510.0,,,,,,,,,,,,,,,,,2.0,0.07292387543252594,6.0,0.05875432525951557,3.0,0.06987889273356401,5.0,0.05932525951557093,9.0,0.04918685121107266,13.0,0.037941176470588235,16.0,0.02449826989619377,7.0,0.05792387543252595,4.0,0.059826989619377165,35.0,0.0023183391003460205,30.0,0.005743944636678201,8.0,0.056055363321799306,21.0,0.015397923875432526,29.0,0.005795847750865052,14.0,0.03385813148788927,24.0,0.010640138408304498,19.0,0.016003460207612456,26.0,0.00903114186851211,27.0,0.00754325259515571,36.0,0.0020069204152249136,34.0,0.002889273356401384,17.0,0.02301038062283737,23.0,0.013269896193771627,31.0,0.005570934256055363,33.0,0.004671280276816609,18.0,0.016314878892733566,22.0,0.013927335640138408,15.0,0.024792387543252595,12.0,0.038598615916955015,10.0,0.045,20.0,0.015847750865051902,25.0,0.009671280276816609,11.0,0.04173010380622837,32.0,0.004930795847750865,28.0,0.0070934256055363324,1.0,0.07802768166089966,,,,,,,,,,,,,,,,,,,,,,,,,,,,,,,,
2020年11月,4146.0,3346.0,4048.0,3386.0,2798.0,2167.0,1382.0,3279.0,3351.0,129.0,333.0,3175.0,926.0,316.0,1953.0,467.0,925.0,507.0,410.0,113.0,167.0,1291.0,752.0,322.0,271.0,927.0,795.0,1377.0,2193.0,2548.0,949.0,533.0,2358.0,281.0,404.0,4398.0,,,,,,,,,,,,,,,,,2.0,0.07309204379175996,6.0,0.05898841739682316,3.0,0.0713643495583802,4.0,0.05969359871657,9.0,0.04932743331629145,13.0,0.038203197997285054,15.0,0.02436401459725332,7.0,0.0578072386862472,5.0,0.059076565061791514,35.0,0.0022742097561835586,29.0,0.005870634486892443,8.0,0.05597376725490542,20.0,0.016324947552139344,31.0,0.005570932426000035,14.0,0.03443047793663946,26.0,0.008232991908044355,21.0,0.016307318019145672,25.0,0.008938173227791196,27.0,0.007228108527405109,36.0,0.0019921372282848226,34.0,0.0029441320099430567,17.0,0.02275972709482926,23.0,0.01325740881124059,30.0,0.005676709623962061,33.0,0.00477760344128484,19.0,0.016342577085133016,22.0,0.014015478729968443,16.0,0.024275866932284965,12.0,0.0386615658551205,10.0,0.0449200500678737,18.0,0.016730426810993775,24.0,0.009396541085626643,11.0,0.04157043879907621,32.0,0.00495389877122155,28.0,0.007122331329443083,1.0,0.07753468610616505,,,,,,,,,,,,,,,,,,,,,,,,,,,,,,,,
2020年12月,4695.0,3451.0,4105.0,3467.0,2910.0,2226.0,1389.0,3301.0,3501.0,129.0,341.0,3286.0,919.0,291.0,1959.0,598.0,941.0,534.0,409.0,115.0,168.0,1347.0,793.0,353.0,273.0,949.0,829.0,1420.0,2276.0,2632.0,951.0,537.0,2432.0,294.0,397.0,4496.0,,,,,,,,,,,,,,,,,1.0,0.07996389276833464,6.0,0.05877644173450966,3.0,0.0699151820690125,5.0,0.05904894914330484,9.0,0.04956228497462275,13.0,0.037912593248628945,16.0,0.02365704942603127,7.0,0.05622168477705487,4.0,0.05962802738699458,35.0,0.0021970909834111113,30.0,0.005807814149947202,8.0,0.0559662090813094,21.0,0.01565214429267296,32.0,0.0049562284974622745,14.0,0.03336512586435944,24.0,0.010184964403719726,20.0,0.016026841979766324,26.0,0.00909493476853902,27.0,0.006965970637326702,36.0,0.001958647000715332,34.0,0.0028613277923493544,17.0,0.02294171747794393,23.0,0.013506148448410941,29.0,0.006012194706543584,33.0,0.004649657662567701,19.0,0.016163095684163912,22.0,0.014119290118200088,15.0,0.024185032530571925,12.0,0.038764178901113874,10.0,0.044827468746806556,18.0,0.01619715911026331,25.0,0.009146029907688116,11.0,0.04142112613686685,31.0,0.0050073236366113705,28.0,0.00676159008073032,2.0,0.07657458187144463,,,,,,,,,,,,,,,,,,,,,,,,,,,,,,,,
2021年1月,4167.0,3443.0,4026.0,3456.0,2913.0,2214.0,1382.0,3382.0,3554.0,126.0,328.0,3250.0,906.0,314.0,1984.0,590.0,951.0,519.0,416.0,114.0,171.0,1339.0,799.0,346.0,274.0,950.0,796.0,1417.0,2231.0,2618.0,976.0,536.0,2430.0,296.0,402.0,4555.0,,,1.0,,,,,,,,,,,,,,2.0,0.0716324004675789,6.0,0.059186550230351374,3.0,0.06920855394347797,5.0,0.0594100254417933,9.0,0.05007563776387265,13.0,0.038059547548648834,16.0,0.023757134016365263,7.0,0.05813793577666231,4.0,0.06109468472804786,35.0,0.002165990510898714,30.0,0.005638451488688716,8.0,0.05586880286048271,21.0,0.015574503197414564,31.0,0.005397785876366637,14.0,0.034105755346214676,24.0,0.01014233651928763,19.0,0.01634807123702125,26.0,0.008921818056797084,27.0,0.0071512067661417865,36.0,0.001959705700336932,34.0,0.002939558550505398,17.0,0.023017946778518875,22.0,0.013735130303238672,29.0,0.00594787870453139,33.0,0.004710169841160696,20.0,0.0163308808361411,23.0,0.013683559100598226,15.0,0.02435879804717046,12.0,0.038351784363611356,10.0,0.04500446950422884,18.0,0.01677783125902496,25.0,0.00921405487175961,11.0,0.041772674138760915,32.0,0.005088358660523963,28.0,0.006910541153819707,1.0,0.07830227600907654,,,,,37.0,1.7190400880148524e-05,,,,,,,,,,,,,,,,,,,,,,,,,,
2021年2月,3897.0,3213.0,3843.0,3254.0,2673.0,2057.0,1262.0,3097.0,3295.0,114.0,316.0,3043.0,849.0,270.0,1900.0,541.0,914.0,494.0,382.0,113.0,167.0,1257.0,739.0,317.0,267.0,944.0,775.0,1286.0,2075.0,2447.0,882.0,484.0,2208.0,264.0,389.0,4215.0,,,2.0,,,,,,,,,,,,,,2.0,0.0718407226472486,6.0,0.05923126555442898,3.0,0.07084523919255231,5.0,0.05998709558484653,9.0,0.04927643100746613,13.0,0.0379205456724122,16.0,0.023264817033828003,7.0,0.057092819614711035,4.0,0.06074292561526408,35.0,0.0021015761821366026,30.0,0.005825421697852337,8.0,0.05609733616001475,21.0,0.015651212093280485,31.0,0.004977417273481427,14.0,0.03502626970227671,24.0,0.009973269425753526,19.0,0.016849479214674164,25.0,0.009106830122591943,28.0,0.007042123698036686,36.0,0.0020831413033459306,34.0,0.0030786247580422157,17.0,0.023172642639874643,23.0,0.013623375426306572,29.0,0.005843856576643008,32.0,0.004922112637109411,18.0,0.01740252557839432,22.0,0.014287031062770763,15.0,0.02370725412480413,12.0,0.0382523734906443,10.0,0.045110148400774264,20.0,0.01625956309337266,26.0,0.008922481334685225,11.0,0.04070421236980367,33.0,0.004866808000737395,27.0,0.007171167849571389,1.0,0.07770301410268228,,,,,37.0,3.6869757581343905e-05,,,,,,,,,,,,,,,,,,,,,,,,,,
2021年3月,4108.0,3640.0,4027.0,3452.0,3039.0,2198.0,1446.0,3359.0,3577.0,127.0,320.0,3334.0,886.0,301.0,2015.0,574.0,972.0,520.0,407.0,113.0,173.0,1410.0,821.0,356.0,275.0,961.0,792.0,1415.0,2290.0,2738.0,973.0,541.0,2417.0,291.0,403.0,4601.0,,,1.0,,,,,,,,,,,,,,2.0,0.06977731727617074,4.0,0.06182800264977154,3.0,0.06840147436006319,6.0,0.05863468822720092,9.0,0.051619587926553766,13.0,0.037334601600054355,15.0,0.024561343909771882,7.0,0.05705501673092929,5.0,0.06075790260391011,35.0,0.0021571858067365346,30.0,0.00543542880437552,8.0,0.05663037385558745,21.0,0.015049343502114721,31.0,0.005112700219115723,14.0,0.0342262157525521,24.0,0.009749800417848589,19.0,0.016510114993290644,26.0,0.00883257180711022,27.0,0.006913186010565115,36.0,0.0019193857965451055,34.0,0.0029385286973655157,17.0,0.023949858169279636,22.0,0.013945272026225943,29.0,0.006046914544867766,33.0,0.004671071628760213,20.0,0.016323272128140234,23.0,0.013452686290829413,16.0,0.024034786744348002,12.0,0.03889728738131232,10.0,0.04650688770743804,18.0,0.016527100708304317,25.0,0.009189271822397364,11.0,0.04105447318804885,32.0,0.004942843068978989,28.0,0.006845243150510421,1.0,0.07815127477791177,,,,,37.0,1.69857150136735e-05,,,,,,,,,,,,,,,,,,,,,,,,,,
2021年4月,4029.0,3328.0,3979.0,3385.0,2904.0,2126.0,1303.0,3278.0,3472.0,120.0,326.0,3213.0,856.0,282.0,1953.0,549.0,947.0,513.0,377.0,111.0,176.0,1337.0,783.0,344.0,275.0,955.0,783.0,1372.0,2231.0,2596.0,926.0,508.0,2319.0,284.0,396.0,4473.0,,1.0,2.0,,,,,,,,,,,,,,2.0,0.07091811589100894,6.0,0.05857917341406745,3.0,0.07003802013659086,5.0,0.05958248257410406,9.0,0.05111596141660213,13.0,0.03742167147785679,17.0,0.022935295360135183,7.0,0.05769907765964937,4.0,0.061113849186791525,35.0,0.0021122298106033936,30.0,0.005738224318805886,8.0,0.05655495317890587,21.0,0.015067239315637542,32.0,0.004963740054917975,14.0,0.03437654016757023,24.0,0.009663451383510525,19.0,0.01666901358867845,25.0,0.009029782440329507,28.0,0.006635921988312328,36.0,0.001953812574808139,34.0,0.003097937055551644,16.0,0.023533760473139476,22.5,0.013782299514187144,29.0,0.006055058790396395,33.0,0.004840526649299444,18.0,0.01680982890938534,22.5,0.013782299514187144,15.0,0.024149827501232134,12.0,0.03926987256213476,10.0,0.04569457156938675,20.0,0.016299373371822853,26.0,0.0089417728648877,11.0,0.04081884108991058,31.0,0.0049989438850946985,27.0,0.006970358374991199,1.0,0.0787333661902415,,,38.0,1.7601915088361612e-05,37.0,3.5203830176723225e-05,,,,,,,,,,,,,,,,,,,,,,,,,,
2021年5月,4043.0,3500.0,4046.0,3480.0,3002.0,2226.0,1360.0,3366.0,3606.0,122.0,330.0,3310.0,863.0,287.0,1993.0,557.0,971.0,514.0,390.0,112.0,181.0,1399.0,813.0,354.0,279.0,965.0,784.0,1427.0,2338.0,2683.0,956.0,521.0,2410.0,329.0,410.0,4665.0,,1.0,1.0,,,,,,,,,,,,,,3.0,0.06900023893231388,5.0,0.05973307847219852,2.0,0.06905143871386149,6.0,0.059391746595214526,9.0,0.05123391473529713,13.0,0.03799023790831826,17.0,0.023210567634911423,7.0,0.057446154896405775,4.0,0.06154213742021367,35.0,0.0020821244496023483,30.0,0.00563197597023586,8.0,0.0564904256408506,21.0,0.014728470491859234,32.0,0.0048981124347202785,14.0,0.03401372154145476,24.0,0.009506092774004164,18.0,0.01657166262757279,26.0,0.008772229238488582,28.0,0.006655971601187835,36.0,0.0019114585111103526,34.0,0.0030890534867051233,16.0,0.023876164795030207,22.0,0.013875140799399256,29.0,0.00604157422261665,33.0,0.004761579683926682,19.0,0.01646926306447759,23.0,0.013380209577772468,15.0,0.024354029422807795,12.0,0.03990169641942861,10.0,0.04578967129740247,20.0,0.016315663719834797,25.0,0.00889169539543298,11.0,0.04113049117657098,31.0,0.005614909376386661,27.0,0.006997303478171827,1.0,0.07961566030651603,,,37.5,1.7066593849199577e-05,37.5,1.7066593849199577e-05,,,,,,,,,,,,,,,,,,,,,,,,,,
2021年6月,4029.0,3395.0,3943.0,3439.0,2918.0,2181.0,1315.0,3309.0,3555.0,115.0,325.0,3278.0,832.0,286.0,2001.0,540.0,957.0,490.0,382.0,111.0,183.0,1362.0,791.0,344.0,272.0,963.0,785.0,1400.0,2239.0,2627.0,923.0,509.0,2327.0,279.0,421.0,4557.0,,2.0,2.0,,,,,,,,,,,,,,2.0,0.07020753829264467,6.0,0.05915974001080384,3.0,0.06870894104936658,5.0,0.05992646418178333,9.0,0.05084775297541255,13.0,0.03800512311150609,17.0,0.022914597382682488,7.0,0.05766114276752574,4.0,0.06194782790527471,35.0,0.00200393817415094,30.0,0.005663303535643961,8.0,0.057120950737972014,21.0,0.01449805705124854,31.0,0.004983707111366686,14.0,0.03486852423022636,24.0,0.009409796643839197,19.0,0.01667625071880391,26.0,0.008538519176817048,28.0,0.00665655984804921,36.0,0.0019342359767891683,34.0,0.003188875529301061,16.0,0.023733598201683307,22.0,0.013783609528290379,29.0,0.005994388973112377,33.0,0.004739749420600485,18.0,0.01678080401484657,23.0,0.013679056232247721,15.0,0.024395769076620142,12.0,0.03901580497325178,10.0,0.04577691811734365,20.0,0.016083782041228848,25.0,0.008869604614285466,11.0,0.04054925331521076,32.0,0.004861728265983585,27.0,0.007336156272326485,1.0,0.07940822834439856,,,37.5,3.4851098680885914e-05,37.5,3.4851098680885914e-05,,,,,,,,,,,,,,,,,,,,,,,,,,
2021年7月,4047.0,3505.0,4049.0,3521.0,3016.0,2302.0,1347.0,3448.0,3683.0,120.0,331.0,3343.0,800.0,294.0,2016.0,562.0,969.0,504.0,392.0,115.0,187.0,1418.0,821.0,356.0,276.0,959.0,798.0,1453.0,2316.0,2709.0,921.0,521.0,2411.0,284.0,413.0,4686.0,,2.0,3.0,,,,,,,,,,,,,,3.0,0.06871201059458726,6.0,0.05950966076946586,2.0,0.06874596760501206,5.0,0.05978131685286427,9.0,0.05120717172060172,13.0,0.03908451899894733,17.0,0.022870046521104283,7.0,0.058541885972358994,4.0,0.06253183469727325,35.0,0.002037420625488132,30.0,0.005619885225304764,8.0,0.05675914292505688,22.0,0.01358280416992088,31.0,0.004991680532445923,14.0,0.03422866650820062,24.0,0.009541919929369418,18.0,0.016452171550816665,26.0,0.008557166627050155,28.0,0.0066555740432612314,36.0,0.0019525280994261264,34.0,0.003174980474719006,16.0,0.02407552039118476,21.0,0.013939352779381303,29.0,0.006044347855614792,33.0,0.004686067438622704,19.0,0.016282386498692656,23.0,0.013548847159496079,15.0,0.0246697680736188,12.0,0.03932221807192095,10.0,0.04599477062039458,20.0,0.015637203300621412,25.0,0.008845801215660974,11.0,0.04093517606709905,32.0,0.004821895480321912,27.0,0.0070121226527216545,1.0,0.07956127542531155,,,38.0,3.39570104248022e-05,37.0,5.09355156372033e-05,,,,,,,,,,,,,,,,,,,,,,,,,,
2021年8月,3985.0,3466.0,4026.0,3544.0,3002.0,2265.0,1320.0,3441.0,3706.0,119.0,331.0,3339.0,798.0,286.0,2023.0,553.0,961.0,508.0,392.0,112.0,195.0,1404.0,823.0,369.0,274.0,957.0,802.0,1473.0,2319.0,2721.0,909.0,512.0,2403.0,283.0,411.0,4742.0,,4.0,2.0,,,,,,,,,,,,,,3.0,0.06779516842463423,6.0,0.05896563456958149,2.0,0.06849268458659408,5.0,0.06029261653623681,9.0,0.051071793126913914,13.0,0.038533514800952705,17.0,0.02245661789724396,7.0,0.05854031983667914,4.0,0.06304865600544403,35.0,0.0020244981286151754,30.0,0.005631167063627084,8.0,0.05680503572643757,23.0,0.01357604627424294,31.0,0.004865600544402858,14.0,0.03441646818645798,24.0,0.009407961891799932,18.0,0.016349098332766248,26.0,0.008642395372575705,28.0,0.0066689350119088124,36.0,0.0019054100034025178,34.0,0.003317454916638312,16.0,0.023885675399795848,21.0,0.014001361007145288,29.0,0.006277645457638653,33.0,0.0046614494726097315,19.0,0.01628104797550187,22.0,0.013644096631507315,15.0,0.02505954406260633,12.0,0.039452194624021775,10.0,0.04629125552909153,20.0,0.015464443688329364,25.0,0.008710445729840081,11.0,0.04088125212657366,32.0,0.0048145627764545765,27.0,0.006992174208914597,1.0,0.08067369853691732,,,37.0,6.805035726437564e-05,38.0,3.402517863218782e-05,,,,,,,,,,,,,,,,,,,,,,,,,,
2021年9月,3916.0,3389.0,3950.0,3509.0,2934.0,2233.0,1287.0,3370.0,3518.0,120.0,327.0,3287.0,804.0,284.0,2002.0,539.0,948.0,496.0,386.0,109.0,197.0,1380.0,809.0,352.0,277.0,949.0,831.0,1393.0,2239.0,2683.0,895.0,492.0,2332.0,277.0,421.0,4612.0,,5.0,3.0,,,,,,,,,,,,,,3.0,0.06803926678828946,6.0,0.05888280774910955,2.0,0.06863000608113978,5.0,0.06096776995916949,9.0,0.050977326035965595,13.0,0.038797671792198764,17.0,0.022361219702892884,7.0,0.058552688732516726,4.0,0.06112414212492399,35.0,0.0020849622100599426,30.0,0.005681522022413343,8.0,0.057110589870558594,23.0,0.013969246807401615,31.0,0.004934410563808531,14.0,0.03478411953783338,24.0,0.009364955260185909,19.0,0.016471201459473547,25.0,0.008617843801581097,28.0,0.0067066284423594824,36.0,0.0018938406741377813,34.0,0.0034228129615150723,16.0,0.02397706541568934,22.0,0.01405612023282078,29.0,0.006115889149509165,32.5,0.004812787768221701,18.0,0.01648857614455738,21.0,0.014438363304665103,15.0,0.024202936321779167,12.0,0.03890191990270176,10.0,0.04661628007992355,20.0,0.015550343150030406,26.0,0.008548345061245764,11.0,0.04051776561549822,32.5,0.004812787768221701,27.0,0.007314742420293632,1.0,0.08013204760663713,,,37.0,8.687342541916427e-05,38.0,5.2124055251498564e-05,,,,,,,,,,,,,,,,,,,,,,,,,,
2021年10月,4002.0,3491.0,4010.0,3603.0,3056.0,2306.0,1348.0,3527.0,3756.0,119.0,329.0,3323.0,792.0,292.0,2038.0,558.0,963.0,513.0,401.0,114.0,201.0,1429.0,833.0,361.0,273.0,974.0,802.0,1446.0,2325.0,2799.0,899.0,508.0,2411.0,286.0,414.0,4768.0,,6.0,3.0,,,,,,,,,,,,,,3.0,0.06751126031140876,7.0,0.05889100693331534,2.0,0.06764621535451003,5.0,0.06078037753673308,9.0,0.051552826464683954,13.0,0.03890079117394018,17.0,0.022739924762563472,6.0,0.05949830462727104,4.0,0.06336139273604481,35.0,0.002007456266131345,30.0,0.005550026147539601,8.0,0.05605695102818874,23.0,0.013360549267025422,31.0,0.004925859073196242,14.0,0.03437979723004774,24.0,0.009413114256313365,19.0,0.016245213313315,25.0,0.008653992138868739,28.0,0.006764621535451003,36.0,0.0019231093641930532,34.0,0.0033907454579193306,16.0,0.0241063445739638,21.0,0.014052193862919416,29.0,0.006089846319944668,33.0,0.004605340845830733,18.0,0.016430776497579243,22.0,0.013529243070902006,15.0,0.02439312404055399,12.0,0.03922130940130569,10.0,0.04721739570505575,20.0,0.015165572968504867,26.0,0.008569645236930448,11.0,0.04067207611464431,32.0,0.004824642790870292,27.0,0.006983923480490562,1.0,0.08043320568835506,,,37.0,0.00010121628232595016,38.0,5.060814116297508e-05,,,,,,,,,,,,,,,,,,,,,,,,,,
2021年11月,3956.0,3403.0,3920.0,3935.0,3007.0,2248.0,1293.0,3417.0,3658.0,117.0,314.0,3275.0,796.0,283.0,2020.0,545.0,954.0,522.0,389.0,111.0,201.0,1380.0,808.0,351.0,274.0,968.0,778.0,1413.0,2245.0,2775.0,882.0,492.0,2355.0,277.0,397.0,4715.0,,7.0,4.0,,,,,,,,,,,,,,2.0,0.06764127554073694,7.0,0.05818585962212533,4.0,0.06702573309395571,3.0,0.0672822091134479,9.0,0.05141489270753184,12.0,0.03843720612122767,17.0,0.0221082328802257,6.0,0.05842523724031803,5.0,0.06254595195349234,35.0,0.0020005129520389844,30.0,0.005368898008036248,8.0,0.05599726425579209,22.0,0.013610327434384884,31.0,0.004838847567752415,14.0,0.03453877062494657,24.0,0.009318628708215782,19.0,0.01631187483970249,25.0,0.008925365478327776,28.0,0.006651278105497136,36.0,0.0018979225442421134,34.0,0.003436778661195178,16.0,0.023595793793280327,21.0,0.013815508249978627,29.0,0.006001538856116953,33.0,0.004684961956057109,18.0,0.016551252457895186,23.0,0.013302556210994273,15.0,0.024160041036163118,13.0,0.03838591091732923,10.0,0.04744806360605283,20.0,0.015080789946140035,26.0,0.008412413439343422,11.0,0.04026673506027186,32.0,0.004736257159955544,27.0,0.006788065315892964,1.0,0.08061896212704112,,,37.0,0.00011968880909634949,38.0,6.8393605197914e-05,,,,,,,,,,,,,,,,,,,,,,,,,,
2021年12月,4110.0,3515.0,4019.0,3637.0,3159.0,2321.0,1359.0,3580.0,3762.0,121.0,325.0,3416.0,810.0,292.0,2092.0,574.0,968.0,527.0,414.0,117.0,203.0,1438.0,843.0,357.0,278.0,993.0,788.0,1462.0,2342.0,2937.0,895.0,507.0,2428.0,291.0,411.0,4842.0,,11.0,4.0,,,,,,,,,,,,,,2.0,0.06833144909223915,7.0,0.058439183347742236,3.0,0.06681851433131608,5.0,0.06046751346678194,9.0,0.05252044955775753,13.0,0.03858814923189466,17.0,0.022594267473565206,6.0,0.05951985103411585,4.0,0.06254572055596196,35.0,0.002011704462326262,30.0,0.005403338431868058,8.0,0.056793243333111657,22.0,0.013466781937886547,31.0,0.004854691760324533,14.0,0.034780873844516856,24.0,0.009543126953514664,19.0,0.016093635698610095,25.0,0.008761721087982975,27.0,0.006883021879364235,36.0,0.0019452018354725012,34.0,0.0033750083128283566,16.0,0.02390769435392698,21.0,0.014015428609430072,29.0,0.005935359446698145,33.0,0.004621932566336371,18.0,0.0165092771164461,23.0,0.013101017490190863,15.0,0.024306710115049545,12.0,0.0389372880228769,10.0,0.04882955376737381,20.0,0.014879962758528962,26.0,0.008429207953714171,11.0,0.04036709450023276,32.0,0.004838066103611093,28.0,0.006833144909223914,1.0,0.08050142980647736,,,37.0,0.000182882223847842,38.0,6.650262685376072e-05,,,,,,,,,,,,,,,,,,,,,,,,,,
2022年1月,4038.0,3600.0,4069.0,3718.0,3179.0,2329.0,1363.0,3635.0,3779.0,124.0,312.0,3507.0,804.0,304.0,2090.0,565.0,987.0,523.0,430.0,118.0,209.0,1462.0,847.0,364.0,282.0,1020.0,782.0,1475.0,2393.0,2950.0,956.0,508.0,2473.0,299.0,425.0,4924.0,1.0,13.0,5.0,,,,,,,,,,,,,,3.0,0.06634681739016135,7.0,0.05915020866879169,2.0,0.06685616640925372,5.0,0.06108902106404653,9.0,0.05223292037724689,13.0,0.0382668988860044,17.0,0.0223949262265453,6.0,0.0597252801419605,4.0,0.06209128848871217,35.0,0.002037396076369492,30.0,0.005126351417961947,8.0,0.05762216161151457,22.0,0.013210213269363478,31.0,0.004994906509809076,14.0,0.0343399822549374,24.0,0.009283296638296475,19.0,0.01621701554336039,25.0,0.008593210870493905,27.0,0.007065163813216786,36.0,0.0019388123952548389,34.0,0.0034339982254937397,16.0,0.02402155696493707,21.0,0.013916729650685156,29.0,0.005980743320955604,33.0,0.004633433012388682,18.0,0.01675922578949098,23.0,0.012848739771943084,15.0,0.024235154940685486,12.0,0.039318458151227365,10.0,0.04847030988137097,20.0,0.015707666524268016,26.0,0.008346751667707273,11.0,0.040632907232756074,32.0,0.004912753442213532,28.0,0.006983010745621241,1.0,0.08090434096809175,39.0,1.6430613519108804e-05,37.0,0.00021359797574841443,38.0,8.215306759554401e-05,,,,,,,,,,,,,,,,,,,,,,,,,,
2022年2月,3935.0,3340.0,3849.0,3587.0,2999.0,2211.0,1270.0,3408.0,3506.0,116.0,304.0,3142.0,766.0,280.0,1987.0,518.0,958.0,502.0,396.0,107.0,207.0,1363.0,791.0,332.0,273.0,1005.0,762.0,1342.0,2207.0,2812.0,935.0,454.0,2270.0,262.0,409.0,4554.0,2.0,16.0,5.0,,,,,,,,,,,,,,2.0,0.068815361477388,7.0,0.058409989157427164,3.0,0.06731139169668778,4.0,0.06272953027176384,9.0,0.052446574096743734,12.0,0.03866601378056032,17.0,0.022209786296386976,6.0,0.059599174565422686,5.0,0.0613130005945927,35.0,0.002028610401874716,30.0,0.005316358294568221,8.0,0.05494736105767549,22.0,0.01339582386065545,31.0,0.004896645797628624,14.0,0.034748697142457416,24.0,0.009058794725612955,19.0,0.01675352383617222,25.0,0.00877898639431989,28.0,0.00692525619950334,36.0,0.0018712182155223671,34.0,0.003620020286104019,15.0,0.02383617222202791,21.0,0.013833024378300864,29.0,0.005806022874331083,32.0,0.0047742296526879086,18.0,0.0175754608093456,23.0,0.013325871777832185,16.0,0.023468923787205765,13.0,0.03859606169773705,10.0,0.04917631422475604,20.0,0.016351299359938443,26.0,0.007939561400440697,11.0,0.03969780700220349,33.0,0.004581861424923927,27.0,0.007152600468678955,1.0,0.07964044629428842,39.0,3.497604141163303e-05,37.0,0.00027980833129306426,38.0,8.744010352908258e-05,,,,,,,,,,,,,,,,,,,,,,,,,,
2022年3月,4277.0,3756.0,4160.0,3995.0,3461.0,2554.0,1562.0,2561.0,3932.0,138.0,323.0,3783.0,844.0,329.0,2255.0,588.0,1023.0,542.0,452.0,126.0,224.0,1535.0,901.0,373.0,283.0,1040.0,801.0,1499.0,2545.0,3254.0,1058.0,520.0,2575.0,296.0,426.0,5150.0,2.0,24.0,6.0,,,,,,,,,,,,,,2.0,0.06770297437196271,7.0,0.05945578015924525,3.0,0.06585091732227376,4.0,0.06323904199578934,8.0,0.054786063666439774,12.0,0.04042866414449211,15.0,0.024725753090719137,11.0,0.04053947097652478,5.0,0.06224178050749529,35.0,0.0021844775457869657,31.0,0.005112943820936159,6.0,0.059883177939942696,22.0,0.013360138033653619,30.0,0.005207921105535592,14.0,0.03569562946195368,24.0,0.009307773890744464,20.0,0.016193627024203378,25.0,0.008579614708815474,27.0,0.007154955439823975,36.0,0.0019945229765880993,34.0,0.0035458186250455098,16.0,0.024298355310021686,21.0,0.014262422237348233,29.0,0.005904421192598103,33.0,0.004479761923606604,19.0,0.01646272933056844,23.0,0.012679467494024346,17.0,0.023728491602425086,13.0,0.04028619821759296,9.0,0.051509347347759325,18.0,0.016747661184366738,26.0,0.00823136466528422,10.0,0.040761084640590126,32.0,0.00468554604023871,28.0,0.006743387206559764,1.0,0.08152216928118025,39.0,3.165909486647777e-05,37.0,0.0003799091383977332,38.0,9.49772845994333e-05,,,,,,,,,,,,,,,,,,,,,,,,,,
2022年4月,4634.0,3950.0,4477.0,4314.0,3741.0,2744.0,1603.0,3564.0,4175.0,150.0,345.0,4109.0,870.0,368.0,2389.0,597.0,1080.0,574.0,488.0,119.0,239.0,1546.0,926.0,394.0,295.0,1106.0,854.0,1521.0,2675.0,3274.0,1075.0,530.0,2656.0,307.0,481.0,5352.0,4.0,23.0,8.0,,,,,,,,,,,,,,2.0,0.06859392809035333,7.0,0.05846914457421141,3.0,0.06626996462246695,4.0,0.06385718726408811,8.0,0.05537546072205693,11.0,0.04061755258522433,15.0,0.023728111076572377,9.0,0.052755450952528975,5.0,0.06179966546767914,35.0,0.0022203472623118256,31.0,0.005106798703317199,6.0,0.06082271267226194,22.0,0.012878014121408588,30.0,0.005447251950205012,14.0,0.03536273073108634,24.0,0.008836982104001067,19.0,0.015986500288645143,25.0,0.008496528857113253,27.0,0.007223529760054473,36.0,0.0017614754947673816,34.0,0.003537753304616842,16.0,0.022884379116893883,21.0,0.013706943766005003,29.0,0.005832112142339062,33.0,0.004366682949213257,18.0,0.016371360480779192,23.0,0.012641177080095326,17.0,0.02251432123984191,12.0,0.03959619284456089,10.0,0.04846277957872611,20.0,0.01591248871323475,26.0,0.007845226993501783,13.0,0.039314948858001394,32.0,0.004544310730198203,28.0,0.007119913554479921,1.0,0.07922199031928594,39.0,5.920926032831535e-05,37.0,0.00034045324688781325,38.0,0.0001184185206566307,,,,,,,,,,,,,,,,,,,,,,,,,,
2022年5月,5240.0,4253.0,4775.0,4583.0,4084.0,2990.0,1744.0,3927.0,4725.0,170.0,357.0,4535.0,961.0,377.0,2438.0,665.0,1169.0,596.0,541.0,126.0,267.0,1706.0,1020.0,439.0,303.0,1172.0,914.0,1639.0,3022.0,3635.0,1104.0,565.0,2918.0,344.0,464.0,5884.0,6.0,32.0,11.0,,,,,,,,,,,,,,2.0,0.07109808550765932,7.0,0.05770613695879296,3.0,0.06478880883570101,5.0,0.06218368814534402,8.0,0.055413088017801655,12.0,0.04056932741753843,15.0,0.023663179604075928,9.0,0.053282859119957664,4.0,0.06411039198925388,35.0,0.0023066172779202454,31.0,0.004843896283632515,6.0,0.06153240797275478,22.0,0.013039171788713857,30.0,0.005115263022211367,14.0,0.03307960543276211,24.0,0.009022944057746842,19.0,0.015861385869933922,25.0,0.008086728809649802,27.0,0.007340470278557957,36.0,0.00170961045304677,34.0,0.0036227459600276794,16.0,0.02314758280077611,21.0,0.013839703667521472,29.0,0.00595649991180581,33.0,0.004111206089469614,18.0,0.01590209088072075,23.0,0.012401459953053555,17.0,0.022238504226536955,11.0,0.041003514199264596,10.0,0.049320904736706424,20.0,0.014979443969552652,26.0,0.00766611036485258,13.0,0.039592407158654565,32.0,0.0046675079035562615,28.0,0.0062957083350293755,1.0,0.07983609448989837,39.0,8.141002157365571e-05,37.0,0.0004341867817261638,38.0,0.00014925170621836882,,,,,,,,,,,,,,,,,,,,,,,,,,
2022年6月,5317.0,4317.0,4867.0,4867.0,4223.0,3072.0,1800.0,4167.0,4804.0,196.0,387.0,4929.0,1033.0,425.0,2578.0,713.0,1219.0,618.0,595.0,124.0,267.0,1674.0,997.0,435.0,310.0,1213.0,976.0,1729.0,3090.0,3852.0,1220.0,617.0,3001.0,350.0,509.0,6101.0,8.0,35.0,15.0,,,,,,,,,,,,,,2.0,0.0693672537508154,7.0,0.056320939334637964,4.5,0.06349641226353556,4.5,0.06349641226353556,8.0,0.055094585779517286,12.0,0.040078277886497066,15.0,0.023483365949119372,9.0,0.05436399217221135,6.0,0.06267449445531638,35.0,0.0025570776255707762,31.0,0.005048923679060666,3.0,0.06430528375733856,21.0,0.013476842791911286,30.0,0.005544683626875407,14.0,0.033633398564905416,24.0,0.009302022178734508,19.0,0.015903457273320286,25.0,0.008062622309197652,27.0,0.007762557077625571,36.0,0.0016177429876060012,34.0,0.003483365949119374,17.0,0.021839530332681018,22.0,0.013007175472928897,29.0,0.005675146771037182,33.0,0.004044357469015003,20.0,0.01582517938682322,23.0,0.012733202870189171,16.0,0.022557077625570778,11.0,0.04031311154598826,10.0,0.05025440313111546,18.0,0.015916503587736466,26.0,0.008049575994781474,13.0,0.039151989562948464,32.0,0.0045662100456621,28.0,0.006640574037834312,1.0,0.0795955642530985,39.0,0.00010437051532941944,37.0,0.00045662100456621003,38.0,0.00019569471624266145,,,,,,,,,,,,,,,,,,,,,,,,,,
2022年7月,5884.0,4768.0,5320.0,5366.0,4763.0,3562.0,2064.0,4777.0,5394.0,242.0,400.0,5580.0,1168.0,485.0,2862.0,802.0,1255.0,673.0,684.0,139.0,285.0,1814.0,1092.0,485.0,323.0,1286.0,1059.0,1875.0,3625.0,4251.0,1326.0,729.0,3403.0,376.0,546.0,6882.0,12.0,43.0,20.0,,,,,,,,,,,,,,2.0,0.068722261153936,8.0,0.055687923382387296,6.0,0.06213501518336837,5.0,0.06267227283345013,9.0,0.055629525811726234,12.0,0.0416024293389395,15.0,0.024106517168885774,7.0,0.0557930390095772,4.0,0.06299929922915207,35.0,0.002826442419995328,31.0,0.00467180565288484,3.0,0.06517168885774352,21.0,0.013641672506423733,29.5,0.005664564354122869,14.0,0.03342676944639103,24.0,0.009366970334034105,20.0,0.014657790235926185,27.0,0.007860313010978743,26.0,0.007988787666433076,36.0,0.0016234524643774818,34.0,0.0033286615276804485,17.0,0.021186638635832748,22.0,0.012754029432375613,29.5,0.005664564354122869,33.0,0.0037724830647045083,19.0,0.01501985517402476,23.0,0.012368605466012613,16.0,0.02189908899789769,11.0,0.04233823872926886,10.0,0.04964961457603364,18.0,0.015487035739313244,25.0,0.008514365802382622,13.0,0.03974538659191778,32.0,0.00439149731371175,28.0,0.006377014716187806,1.0,0.08037841625788367,39.0,0.0001401541695865452,37.0,0.0005022191076851203,38.0,0.000233590282644242,,,,,,,,,,,,,,,,,,,,,,,,,,
2022年8月,6325.0,4969.0,5625.0,5722.0,4945.0,3768.0,2226.0,5203.0,5875.0,283.0,413.0,6297.0,1379.0,559.0,3032.0,891.0,1343.0,691.0,734.0,141.0,305.0,1885.0,1115.0,502.0,330.0,1328.0,1117.0,1967.0,3995.0,4592.0,1421.0,777.0,3736.0,400.0,600.0,7455.0,16.0,47.0,24.0,,,,,,,,,,,,,,2.0,0.06872534851629307,8.0,0.05399150304781981,6.0,0.061119381091564985,5.0,0.062173350863277306,9.0,0.05373072702182913,12.0,0.04094183608053633,15.0,0.024186976410635316,7.0,0.05653406930122891,4.0,0.06383579802896787,35.0,0.0030749839731400693,31.0,0.004487520780589571,3.0,0.06842110981930395,19.0,0.01498375582671433,29.0,0.0060739082720328574,14.0,0.032944704616822224,24.0,0.009681309964903894,20.0,0.014592591787728315,27.0,0.007508176414981583,26.0,0.00797540012821488,36.0,0.001532059152695229,34.0,0.0033140286636315235,17.0,0.020481783708017776,23.0,0.01211521954081688,30.0,0.005454565210304999,33.0,0.0035856703573718123,21.0,0.014429606771484142,22.0,0.012136950876316104,16.0,0.021372768463485924,11.0,0.04340834265969815,10.0,0.04989514630621625,18.0,0.015440113872198015,25.0,0.008442623841448177,13.0,0.04059413471254876,32.0,0.004346267099844621,28.0,0.006519400649766931,1.0,0.08100355307335412,39.0,0.00017385068399378484,37.0,0.000510686384231743,38.0,0.0002607760259906773,,,,,,,,,,,,,,,,,,,,,,,,,,
2022年9月,6733.0,5056.0,5746.0,5921.0,4994.0,3889.0,2349.0,5296.0,5997.0,311.0,423.0,6578.0,1510.0,641.0,3118.0,950.0,1388.0,698.0,797.0,137.0,306.0,1884.0,1127.0,513.0,334.0,1356.0,1157.0,2015.0,4098.0,4813.0,1473.0,827.0,3768.0,396.0,627.0,7626.0,18.0,48.0,25.0,,,,,,,,,,,,,,2.0,0.07091623395089686,8.0,0.05325300443423949,6.0,0.060520522840019804,5.0,0.06236373402989162,9.0,0.052599981041256336,12.0,0.04096141895663714,15.0,0.024741160485765145,7.0,0.05578083692320655,4.0,0.06316421431806453,34.0,0.003275649600286488,31.0,0.004455304761804451,3.0,0.06928367546843896,18.0,0.015904279409751115,28.0,0.006751419272616201,14.0,0.032840757085830445,24.0,0.010006003602161296,20.0,0.014619297894526189,27.0,0.007351779488745879,26.0,0.008394510390444794,36.0,0.0014429710457853659,35.0,0.003222986423433007,17.0,0.019843485038391454,23.0,0.011870280062774506,30.0,0.0054032419451671004,33.0,0.003517900213812498,21.0,0.014282253562663914,22.0,0.01218625912389539,16.0,0.021223260271952645,11.0,0.043162739749112625,10.0,0.05069357403916034,19.0,0.015514571901035359,25.0,0.008710489451565676,13.0,0.03968697007678291,32.0,0.004170923606795656,29.0,0.006603962377426456,1.0,0.08032187733692847,39.0,0.00018958743667252983,37.0,0.0005055664977934129,38.0,0.00026331588426740254,,,,,,,,,,,,,,,,,,,,,,,,,,
2022年10月,7467.0,5535.0,6262.0,6532.0,5544.0,4483.0,2625.0,6071.0,6650.0,349.0,461.0,7645.0,1659.0,693.0,3401.0,1111.0,1439.0,746.0,925.0,150.0,324.0,2034.0,1209.0,559.0,347.0,1424.0,1235.0,2175.0,4627.0,5380.0,1640.0,954.0,4235.0,430.0,650.0,8543.0,25.0,56.0,27.0,,,,,,,,,,,,,,3.0,0.07069549904375982,9.0,0.05240385525742743,6.0,0.05928689098861979,5.0,0.06184317661093333,8.0,0.05248906477817122,12.0,0.04244380905493174,15.0,0.024852776883603794,7.0,0.05747855560394615,4.0,0.06296036810512962,33.0,0.003304235859953419,31.0,0.004364621006987181,2.0,0.07238075400958134,18.0,0.0157069549904376,28.0,0.006561133097271402,14.0,0.03219973111662343,24.0,0.010518641949593835,20.0,0.013624055594478423,27.0,0.007062922497207021,26.0,0.008757645187555623,36.0,0.001420158679063074,35.0,0.0030675427467762397,17.0,0.019257351688095285,23.0,0.011446478953248376,30.0,0.005292458010641723,34.0,0.0032853004108992444,21.0,0.013482039726572116,22.0,0.011692639790952643,16.0,0.02059230084641457,11.0,0.043807161386832286,10.0,0.05093635795572892,19.0,0.015527068224422942,25.0,0.009032209198841151,13.0,0.04009581337221412,32.0,0.004071121546647479,29.0,0.006154020942606654,1.0,0.0808827706349056,39.0,0.000236693113177179,37.0,0.000530192573516881,38.0,0.0002556285622313533,,,,,,,,,,,,,,,,,,,,,,,,,,
2022年11月,7686.0,5560.0,6334.0,6667.0,5589.0,4428.0,2574.0,6318.0,6981.0,366.0,474.0,7877.0,1629.0,596.0,3340.0,1197.0,1408.0,737.0,960.0,136.0,330.0,2083.0,1206.0,575.0,346.0,1443.0,1261.0,2217.0,4955.0,5415.0,1642.0,866.0,4363.0,445.0,591.0,8960.0,26.0,59.0,27.0,,,,,,,,,,,,,,3.0,0.07138677589233469,9.0,0.05164070699471519,6.0,0.05882953922743273,5.0,0.061922408908950746,8.0,0.05191005600601856,12.0,0.04112680765694224,15.0,0.023907046727409512,7.0,0.0586809328763688,4.0,0.06483880854858035,33.0,0.003399370280587367,31.0,0.004402463150268885,2.0,0.07316076420816034,19.0,0.01512998411769623,28.0,0.0055355865771313404,14.0,0.031021575784595093,24.0,0.011117612638970159,21.0,0.013077358893625716,27.0,0.0068451800458822105,25.0,0.008916381063835715,36.0,0.0012631539840433931,35.0,0.003065005990693527,17.0,0.019346689329135205,23.0,0.011201203711443617,30.0,0.005340540741359934,34.0,0.003213612341757456,20.0,0.01340243528657806,22.0,0.011712038043225872,16.0,0.020591267519295606,11.0,0.04602152934511038,10.0,0.05029396193819834,18.0,0.015250726777935672,26.0,0.008043318751335135,13.0,0.040523094355745026,32.0,0.004133114138965514,29.0,0.005489147092423863,1.0,0.0832195565958,39.0,0.00024148532047888396,37.0,0.0005479859195482367,38.0,0.0002507732174203795,,,,,,,,,,,,,,,,,,,,,,,,,,
2022年12月,8522.0,5991.0,6582.0,7250.0,6100.0,4693.0,2848.0,6686.0,7407.0,428.0,514.0,8476.0,1841.0,755.0,3646.0,1262.0,1521.0,769.0,1047.0,147.0,333.0,2209.0,1297.0,585.0,353.0,1493.0,1330.0,2407.0,5395.0,5889.0,1764.0,1043.0,4794.0,464.0,663.0,9661.0,31.0,67.0,29.0,,,,,,,,,,,,,,2.0,0.07328105114711245,9.0,0.05151687132390878,7.0,0.056598906201630377,5.0,0.06234306745089946,8.0,0.052454167096618855,13.0,0.04035531248925119,15.0,0.024490076703470573,6.0,0.057493206755408796,4.0,0.06369311732535342,33.0,0.003680390740549651,31.0,0.004419908506174113,3.0,0.07288549513294122,18.0,0.0158308396106353,28.0,0.006492278058679875,14.0,0.03135211364496268,24.0,0.010851993258349672,20.0,0.01307914559900939,27.0,0.0066126646716885085,25.0,0.009003198844288515,36.0,0.001264059436590651,35.0,0.0028634815808482096,17.0,0.01899528772400509,23.0,0.011152959790871254,30.0,0.005030440615003612,34.0,0.0030354624565748288,21.0,0.012838372372992124,22.0,0.011436728235820176,16.0,0.02069789839369862,11.0,0.04639184122725553,10.0,0.05063976885770302,19.0,0.015168713239087814,26.0,0.008968802669143192,12.0,0.041223815911670625,32.0,0.003989956316857566,29.0,0.005701166030337427,1.0,0.0830753620197434,38.0,0.00026657035737625976,37.0,0.0005761359336841743,39.0,0.00024937226980359785,,,,,,,,,,,,,,,,,,,,,,,,,,
