,陽信商業銀行,中央信託局,華南商業銀行,王道商業銀行,中國信託商業銀行,台北富邦商業銀行,玉山商業銀行,臺灣新光商業銀行,樂天國際商業銀行,臺灣土地銀行,渣打國際商業銀行,彰化商業銀行,聯邦商業銀行,花蓮區中小企業銀行,日盛國際商業銀行,高雄銀行,澳盛(台灣)商業銀行,花旗(台灣)商業銀行,將來商業銀行,永豐商業銀行,京城商業銀行,連線商業銀行,中國農民銀行,臺北國際商業銀行,中華商業銀行,星展(台灣)商業銀行,三信商業銀行,上海商業儲蓄銀行,國泰世華商業銀行,第一商業銀行,合作金庫銀行,遠東國際商業銀行,交通銀行,台新國際商業銀行,華泰商業銀行,第七商業銀行,板信商業銀行,大眾商業銀行,高雄區中小企業銀行,慶豐商業銀行,中華開發工業銀行,中國輸出入銀行,兆豐國際商業銀行,臺灣中小企業銀行,台中商業銀行,臺灣銀行,元大商業銀行,凱基商業銀行,臺東區中小企業銀行,安泰商業銀行,匯豐(台灣)商業銀行,瑞興商業銀行
2017年1月,0.0006755911422494683,,0.0004293953851295977,0.0005965223521573579,0.0016026413197393488,0.0010923687814385903,0.0007928499737951818,0.00046254128213333884,,0.0004165909481959308,0.0009288251137767684,0.0006234947979020296,0.000384610357967689,,0.0006308739332397104,0.00025599924381761825,0.00082806276144654,0.0012221728662898709,,0.0006628623553354436,0.0018851407748213594,,,,,0.000597589237563585,0.0002861267541520894,0.0011442799195974793,0.0007879615540917296,0.0007627107865521657,0.0003969820328513928,0.0004151472453397083,,0.0007058070750466838,0.00010373013567901747,,7.05035273796042e-05,,,,-0.0005742859944252238,0.00045879249344897257,0.0008337694606700714,0.000390169352399879,0.000536139075419517,0.00016334299779403614,0.0006636488110207617,0.0008512395952122262,,0.0005701556657561856,0.0010010660152913187,4.974258213743876e-05
2017年2月,0.0005373773029575472,,0.0002957316071369895,0.00045656457470838224,0.0008582572833849837,0.0005747713869390452,0.0007448995368552594,0.00046128977145785965,,0.00037706121184780193,0.0009495915612200536,0.0004262939715259531,0.000503684008500838,,0.00025232421050799825,0.00026255907579205323,0.00030655268937166747,0.0012432438127548387,,0.0005302327965082166,0.0017365418010419251,,,,,4.2183888004589606e-05,0.001121795910956639,0.0009159577036735085,0.00065878661556032,0.0006068944172967327,0.00037963249125604536,0.0003822410147991543,,0.0006416320751681308,4.7520128168574264e-05,,3.989591598806669e-05,,,,0.0017547035804308772,0.0004902266629825391,0.0007663160314682205,0.00036627648699852887,0.0005805216267714102,0.00015156656818328837,0.0006307665955269968,0.000429454575016701,,0.0006674949772655176,0.0005908803278757223,0.0
2017年3月,0.000380615615062556,,0.0003198822324119478,0.0007057799456549442,0.0009010677257029029,0.0006608860792979756,0.0007986387492497797,0.0005944819476960872,,0.0004016596028918016,6.865852681687626e-05,0.000668715866069327,0.0005411957460531632,,0.00039468262745863424,0.00026564487305395004,-0.0037708783864552654,0.0012544286214627614,,0.0005255073973481167,0.001909007956200874,,,,,0.00021535274233998474,0.0005027457653337459,0.0010723578833874052,0.0007216205712855276,0.0006680737007671813,0.0004020484124416061,0.0006297701339011261,,0.0007084951550221651,4.121445253468883e-05,,8.916748775061637e-05,,,,,0.00041825365749474956,0.0007938744687286756,0.00040197735836083155,0.0005593969228441946,0.00016591307495584032,0.0007087868759958283,0.0004642254141062629,,0.0008372518667795983,0.0011129266497166914,7.507695387772466e-05
2017年4月,0.0005150222972923496,,0.0004036435450335393,0.000569208601020595,0.0005745811991995731,0.0007021052077649789,0.0007438499824563683,0.00048100603373968723,,0.0003330400904863642,0.00048630275291108567,0.0005526657834062601,0.0004726379685834762,,0.00026193972809797404,0.0002777397618683433,0.0004676709984278294,0.0010362323593067142,,0.00041108350534108253,0.0022464685593627334,,,,,-0.00013136233925581836,0.0005148137661201061,0.0010864996993986088,0.0008537360400909145,0.0007246187827126662,0.00041454284920057304,0.0006313516002139487,,0.0006068517353747152,2.7393132541671804e-05,,9.29676605352281e-05,,,,,0.0004722739545369488,0.0007350328429730251,0.00038400731795012793,0.0005306880892427501,0.000167718669249968,0.0006731288579131386,0.00038811626628639466,,0.0004940759641794926,0.0006038021063458891,0.00018866026060270665
2017年5月,0.0006564387713976112,,0.00047773152123365835,0.0003600247321337727,0.0008034185046064603,0.0006665560941507139,0.000761550963547713,0.0005179829615579904,,0.0003738267360444395,-7.462342953404813e-05,0.0006524807518178214,0.000470065145498988,,0.0005082176585749576,0.000289058524173028,0.0006129164068044474,0.0013082697297484857,,0.0005234830932874738,0.0028054280662017446,,,,,0.00023659997079012707,0.00048665539675221556,0.0012092073327721223,0.0007048043254937127,0.0008297935235940904,0.00043245113302196853,0.00035882732470077596,,0.0007364446959820667,2.0526153740891518e-05,,9.605686566447336e-05,,,,,0.0005964179837563808,0.0007749388666675912,0.0003860716016380086,0.0004367091470290521,0.0001692085528510917,0.0006643618626457666,0.0005711162344169358,,0.00011066987826313391,0.0006437456405487096,8.79142961204677e-05
2017年6月,0.0007522699030143169,,0.0007170789803812175,0.0005347670872537543,0.0012303509602554336,0.0008240194102349966,0.0007137049693427801,0.0005549424964757962,,0.0004677469532697479,0.00015923746165835362,0.000621484231829554,0.0005004101875329033,,0.00045329918186099116,0.0002966671678851695,0.00037669039816175086,0.0013350611586965455,,0.0007559727744986931,0.002451660095413788,,,,,0.0001098164331622509,0.0012821565494198716,0.0015084805240378992,0.0008990844731260036,0.0008515023452600105,0.0004469653145269194,0.0008095742161928772,,0.0007770891731584697,4.143989833411609e-05,,0.0001897459560393119,,,,,0.0004689616840935144,0.0007388399681914139,0.0003580631216008641,0.0005260314481503596,0.0001743372623322187,0.0006790783283698119,0.0009237263528600707,,0.0002116477920251112,0.0006749223625700018,0.00031294594797586563
2017年7月,0.00050570280819381,,0.00048757459361309895,0.0006228456970563463,0.0008038717086375195,0.000946222211202748,0.0008596324018766073,0.0005591053295855871,,0.0004943931242666744,0.00042471682724685354,0.0006227493694908974,0.0005413313825896123,,0.00038802074147236234,0.0002892995335045022,0.0003390145612222022,0.0010690678029903783,,1.6275544976451322e-05,0.002061589497238174,,,,,2.7290937771203693e-06,0.00043648501187495986,0.0010954713436334734,0.0009362389269543035,0.0007993388303167998,0.0004790457665536033,0.0005333093228703123,,0.0007741831092413441,1.3967846018465492e-05,,0.0002738506829151405,,,,,0.0004996625086564338,0.0009143579506960542,0.000421575052347234,0.0005347174308473939,0.00018777838554314848,0.0007734521748738537,0.0007556107107387945,,0.0021780856479485435,0.00040840424917986214,9.710269824122738e-05
2017年8月,0.0005945528536168237,,0.0006517363224153712,0.00045425268653174686,0.0008443201446039195,0.0009297373590218586,0.0008357241678061763,0.0005750084744698749,,0.00043787547822257586,0.0004723734103748033,0.0005945370789992997,0.0005487397156728784,,0.00022441554854496726,0.00022192719995244416,0.00034071913031441986,0.0014509015172882674,,0.0004584926902209199,0.002133582821805901,,,,,9.059250160535242e-05,0.00044030374577244593,0.0011661882422187649,0.0009633701176959166,0.0008502491669154876,0.0005039675120602446,0.0006132493581147164,,0.0006238978412891457,1.4124792542109538e-05,,9.890090988837098e-05,,,,,0.0012922604079351773,0.0006740938616951111,0.00037029631597917397,0.0005908211159780283,0.00019518087070496232,0.0008017215423862127,0.0006872278273335734,,0.000967370343734686,0.0007095666848852707,0.00038016038016038016
2017年9月,0.0004915992971776555,,0.00045144114360861997,0.00014580785838080374,0.0011595788810923,0.0006152575944618877,0.0007127380402406692,0.0005586896510660078,,0.000319656017193413,0.0004529921322419137,0.0007789339126191246,0.0005817335660267597,,0.000287299260204405,0.0002203102440329364,0.0005239615908576976,0.0018391668158337262,,0.0005897284006181889,0.002099296735593576,,,,,-0.00011801903674508986,0.00039472595195803173,0.0011309567011711051,0.0007696457146984275,0.0007297937605224223,0.00047409963371413484,0.0005409481923167736,,0.0006658697924163438,2.1121108435770708e-05,,0.00018393518637339697,,,,,0.0004162872381943541,0.0007140812406917225,0.00042700042246475786,0.0006202737328916942,0.0001657406496869571,0.0007656703754544013,0.001196002968434496,,0.00042365862670896883,0.0003270591561319434,0.00042106782801183803
2017年10月,0.0005927404523101649,,0.000493532905953981,0.0003370025458707178,0.0008611706871691709,0.0008350181718761701,0.0006685441239121782,0.0004602805688258546,,0.0003701928441547778,0.0003476119546025285,0.0005993970684034291,0.0005334395470742619,,0.00044043444796031816,0.0002310780377949672,0.00046491784628175113,0.0011781860600758238,,0.00045775193090853277,0.0017022984746216288,,,,,0.0003022386686780869,0.00040715058209809786,0.0011608619036865527,0.0005633257212897941,0.0005163914753494243,0.00045945630792318143,0.0005813269232826782,,0.0007117129114880622,-5.702351507202783e-05,,0.0002868187519531501,,,,,0.000490542005886504,0.0005466928231538416,0.00034065404278485007,0.0006047711455581274,0.0001300071166100368,0.0008492006784474237,0.0009960777285291827,,0.0010490310767509283,0.0005977535387440565,0.00036335505649585074
2017年11月,0.0005981441365708559,,0.00021648471166592974,1.335559265442404e-05,0.0015305438065952278,0.0005746531372955063,0.0006648032404833045,0.000515243465228046,,0.0002820349047243135,0.00023425418708882657,0.0005185079908060398,0.0005305319373199353,,0.00047517524715420486,0.00021808382207475603,0.0005326029064901468,0.0015424634808300984,,0.0005252682000765239,0.00194897435224713,,,,,-7.442453883366115e-05,0.0004446985579061051,0.0010312734103928656,0.0002785209317912225,0.00040242282446635146,0.0002865914264442633,0.00011048890463404496,,0.0006160697310499144,1.4306970355957422e-05,,8.999627158303442e-05,,,,,0.0005457238637249552,0.0003038938874049626,8.258831788243553e-05,0.0006036232834945311,0.00031964695952669387,0.0007961107580488633,0.0005245467508657568,,0.000564230332769103,0.0005083379495068853,0.00044106552144390924
2017年12月,-0.0009001720582035301,,0.0002763959082318067,-0.0002847525195513114,0.0006734432595461087,1.7554609464275117e-05,0.00048676482024154167,0.000473517459880157,,3.362964401114979e-05,-0.00015694456625599506,0.0003729004085691433,0.0004799200727908512,,0.000233069611536522,-0.0008238389375894549,0.003516924203122265,0.0010885192556626024,,0.00033442031499340873,0.0019432137424075862,,,,,0.0005534914780239234,0.0004696540841119154,0.001017961869928689,0.0002460603317564346,-0.0006600665234304041,9.403719547229712e-05,8.821072331063492e-05,,0.00011398665860500154,-0.008908353977526814,,-0.00033060341400335623,,,,,-8.744469123279526e-05,0.00045695128823161754,-0.00014446992470530345,0.0005525341224068569,0.0003106361324807308,0.0005729857830767503,0.0009052880780392485,,0.0006191022365882905,1.971608832807571e-05,0.0001835072829452919
2018年1月,0.0008104319868205158,,0.0004243219442004791,0.0003620231377243988,0.001311012701981556,0.001101176711974035,0.0010269355941115892,0.0005415051960955121,,0.00038420489453541094,0.000791622842787853,0.0006651381607107893,0.0004375075773149686,,0.00044863357218133263,-0.0011156882938551322,9.743447531535042e-05,0.0014590896996850083,,0.0007305628143527494,0.0018570783679731054,,,,,0.0001946987602669637,0.00043849758199904785,0.0011212560904592186,0.0012418467453508908,0.0007284837943554206,0.00043871235417123006,0.00035845291720932454,,0.0008463564879245153,2.121265688527488e-05,,0.00010985807182182711,,,,,0.00046897797540471065,0.0008200894515596037,0.00040299930684119223,0.0005041331278099693,0.00015721096080454974,0.0006141084543027693,0.0011280200815814245,,0.000371774853148933,0.001269710235449927,4.43995515645292e-05
2018年2月,0.0004513019078951671,,0.0004268544773717768,0.00018116287495947674,0.0008930135227296077,0.0006153487243770228,0.0008361581372551398,0.0005009506134259535,,0.0003456382374644418,0.0004550787270060177,0.0004984786971671809,0.00034218225871398227,,0.0003523622781672187,0.0002978728157544932,0.000340935200077081,0.0010503419198164509,,0.000397384732954063,0.0015315675117157587,,,,,0.00028055356859855995,0.000314070351758794,0.0008926875424160352,0.0006436189438264504,0.0005846581513869153,0.00040723933706448103,0.0003090546172930572,,0.00047369592603307867,1.4385384449399411e-05,,-0.00012274300999720654,,,,,0.0004954755261167758,0.0006436010328432336,0.0003902411269619512,0.0004325397852835953,0.00015265054655357066,0.0005881144147073076,0.0003894664772911679,,0.0005573395461571114,0.0007197921715667565,0.0001242572803470167
2018年3月,0.0006248909134396797,,0.0004730724560449962,0.00021465621365662055,0.0011183084921551124,0.0007262343679414252,0.0007655672163677114,0.0006744615205777362,,0.0003889249899317777,0.0003859734393092505,0.0006108082076747906,0.0004720612878389348,,0.00021778462775581318,0.000524592129619221,0.0007345285467744926,0.0012491827349796734,,0.0005080886007252998,0.0018504567629440548,,,,,0.00024361103579175706,0.0005469668487793838,0.0010709699556535257,0.0005591289947375662,0.0006735624406009423,0.00042384753206983137,0.0006440356444454853,,0.000545148762823319,5.648560676132713e-05,,0.00013397866389777428,,,,,0.0004983432273406832,0.000933774851443451,0.0004954894971710646,0.0004549950544015826,0.00015534388010936048,0.0007504012349460324,-0.0005027295345298195,,0.001025289393591456,0.0008522763249540936,0.00021478634411033236
2018年4月,0.0005980874065086487,,0.0004412625476636569,0.00017460005674501845,0.0008459164749148777,0.0008170718204072023,0.0007773697737054433,0.00056738620451363,,0.0004393287357546974,0.0004342779410755085,0.0006408638902588689,0.0004679140909728974,,0.000511251728617525,0.00030404264104200293,0.000305191809503531,0.0013547641687882785,,0.0006445669150934985,0.0012389354657154762,,,,,0.0004729556333681864,0.0005536819852015905,0.0009539802368688578,0.0007260605357078323,0.000676536196423196,0.0004409691460267324,0.0006531231312493528,,0.0006015868497659432,1.4227888083432336e-05,,0.0001330030424445959,,,,,0.00048265876025649866,0.0007582267276055097,0.00042997996529137194,0.0005494522220091383,0.00017707411911669225,0.000754855478716391,0.00092225858258969,,0.0006578650344734177,0.0006400271131648754,0.00023416853443950089
2018年5月,0.0006111289121268771,,0.0006944395895815419,0.00036590056886592713,0.0007886536464010465,0.0010460890899231573,0.0008218777950765606,0.0006637112580975763,,0.0003890525244713698,0.0006142155182264884,0.0006549086311500013,0.0006579299554990683,,0.00031306124466560115,0.00030849075435062696,-0.0002718148397311751,0.0015855514118808477,,0.0005737482659834085,0.0021929267221191514,,,,,8.288010608653579e-05,0.0004884774960272558,0.0011918569148056174,0.0007555300149340577,0.0006160487943283455,0.0004782040280220847,0.0006158606282763785,,0.0006926593414068014,2.824140755175238e-05,,0.00021317241548943566,,,,,0.0005141520347566775,0.0008358854101206871,0.000493836294193262,0.000598874116660678,0.00016026920506867585,0.0008809562045470188,0.00015923659929059365,,0.0008812056967356513,0.0007726812291575246,0.0002137353056977333
2018年6月,0.0006590236764256914,,0.0006306991761902371,0.0007851405119991993,0.0009130812138285659,0.0006965841889951834,0.0008335046175872309,0.0006421109308487764,,0.0003856466504123245,0.00038671860215213017,0.0005256338399342313,0.0005924345074045652,,0.0004132965774910418,0.00023036503716921593,0.0007284553802684247,0.0013206343521616993,,0.000757222663073545,0.001710475664761296,,,,,0.000161796662044975,0.0005386529960251124,0.0015076395221673671,0.000856786818063669,0.0007226453864531729,0.00044694011275383334,0.0005204143614663537,,0.0007254497266816006,3.5429081607346575e-05,,0.0002729324349646817,,,,,0.00040974160669927527,0.0006668998336706869,0.0006932958911912697,0.0006711746739480742,0.0001881961694932818,0.000844148668393846,0.0004355487204514952,,0.0004903170396387677,0.000674344948133866,0.00022858971574868847
2018年7月,0.0005978490155631547,,0.0006854902256954411,0.00045669324243247355,0.0009782223101240987,0.0009433568100694635,0.0009769051756323918,0.0007210441555365393,,0.0006044907649509527,0.0005966652520010211,0.0007702330064599086,0.0008214030248166389,,0.0004173453593627177,0.00020889297716469927,8.647277548785058e-05,0.0013658161896271729,,0.0010914950597605286,0.0018134331323625566,,,,,0.00021912205098239718,0.0004976683317051592,0.0012240221524520895,0.0009793509437528256,0.0007957453998390064,0.0005171301265760848,0.0009464443066479554,,0.0006265030213336854,4.23253550039151e-05,,0.00025503173499734686,,,,,0.0005115656466616079,0.0009488216300051807,0.0005620257907390639,0.0006744524511021973,0.00019251330973314053,0.0009338865090202855,0.001247016068692771,,0.0005028972648154495,0.0006087011009049953,0.0002305209774089442
2018年8月,0.0004945213349129958,,0.0006341713628469192,0.0002971179558284639,0.0007559684241674677,0.0008315996468449076,0.0007824376077074998,0.0006383814574739737,,0.00030962937125821933,0.0004655096041557605,0.0006723153346609596,0.0005276561745759608,,0.00021512097510685018,0.0002102017937219731,-0.0008658995100831719,0.0011441590117279438,,0.0005890205250489251,0.002043103113081162,,,,,0.00020919477814226135,0.0005010295546336069,0.001272996268039091,0.0010891615742081968,0.0007049904580361261,0.0005292305710555841,0.00048188849227941236,,0.0006384129744549839,4.313784699005673e-05,,0.00036357100255725224,,,,,0.0005304235811169206,0.0006976554899673265,0.0004918280407069061,0.0006434835874872629,0.00019440600698626668,0.0007820404526088126,3.035068840879618e-05,,0.0008658008658008658,0.0005722158570268498,0.00028788767951457706
2018年9月,0.00047038077640249406,,0.0005075252359190389,7.492791934159338e-05,0.0006635967515177673,0.0005911216750957005,0.0007294588877720938,0.0005343870499040664,,0.0002403881864061831,0.00011050219242755701,0.0004826069602861485,0.0004196833119102832,,0.00031811354640229686,0.00021476629354108887,-0.0007737803383182153,0.0011962203963753642,,0.0005033713160013843,0.001446570393290736,,,,,-0.00035891661021207486,0.00048223365746760183,0.0009121873318817534,0.0007747054324042309,0.0005842416951909157,0.000455460404748404,0.0005044088485922265,,0.0006033424947815969,4.199974800151199e-05,,5.739280868107226e-05,,,,,0.0006223911437889514,0.0006835401727609241,0.00043317542925151487,0.0005824163610092253,0.0001931399366626755,0.0006734001461121712,0.000733258198717146,,0.0008271774087949079,0.0007082207791202582,0.00011280824853913318
2018年10月,0.0005221898995365829,,0.0004535087979550876,0.00029355688042853254,0.0010060732091294346,0.0007445446419346784,0.0007598042729394529,0.0006097109286410284,,0.00029147105645070757,0.0003931673365674867,0.0005142039166487049,0.00022831422560707122,,0.0005289660149586669,0.00022889631366178724,2.9964117968732442e-05,0.0014506914837787452,,0.0005759595020403946,-0.0017304384832636352,,,,,6.688053575767844e-05,0.00044004938331968364,0.0010915209279436903,0.00044302464215987544,0.0006025633469428696,0.0004479348816589907,0.0005774246534228722,,0.00046893646107043014,4.9675688717941436e-05,,0.00018752089227332393,,,,,0.0006362757731958763,0.0004809639286672778,0.00047157400854861326,0.00039125376749112614,0.0001915946219743688,0.0008534527053575832,0.00012347896367473395,,0.0009246417013407304,0.0005576873676490749,0.00021650694531490366
2018年11月,0.000620835760139784,,0.0004356061906429349,0.00019617015497442244,0.0008177541469629774,0.0005925625012852143,0.0006746226771877963,0.0005622482556478298,,0.0003167496970512993,4.82713409934242e-05,0.00043827053710610015,0.00017334550462625754,,6.463027443630282e-05,0.00018770702981229297,7.412593172178067e-05,0.0014024677356474894,,0.0004322190084541776,0.002850019034423154,,,,,-0.00015755854284607625,0.0003978156305377744,0.0009984691245814143,0.0005054062220559997,0.0005095490725772913,0.0003524007685401109,0.000745607225111922,,0.000699958024845719,7.08024752545349e-05,,0.00011082833921681308,,,,,0.0007921752485651928,0.0006454315623340754,0.0004538440591812653,0.000671518996723936,0.00023426612356723095,0.0006534862000012537,-0.00012679074114174351,,0.0006098911504794066,0.0002510736355593881,0.00014743240791144984
2018年12月,0.00014779531615529486,,0.0003891865886831045,0.00011065950071629595,0.0007780388060652335,0.0002414474405752833,0.0005053875115920738,0.000664083736486068,,4.223583893845041e-05,-0.0001899189732246167,0.0006191370330876103,0.00044993321303868957,,0.0005698747903674879,0.00019777373937899045,7.978819860007978e-05,0.0016755214659336314,,0.000421758266265242,-0.004183770694978758,,,,,0.001109063007126226,0.0003570002299323515,0.001253400740302912,0.00012018562724265297,0.00047979598118102275,0.00026834346383091746,0.00027163855234125427,,-0.00021138142078265266,2.868411617067049e-05,,0.00012661071289999797,,,,,-0.00030236663179916316,0.000402703778336739,0.000309413010786224,0.000734864422627396,0.0002589832203840204,-0.0006045381813176586,-0.000356337206905285,,0.001434618927341526,0.00027109375304007645,0.00044882786875812783
2019年1月,0.0009180988869880919,,0.0007050312195196879,0.00045232231028726844,0.0009487778267467385,0.0013751071997679198,0.0010161012280296433,0.0006104149902287619,,0.00033757548703349644,0.0009726802408253411,0.0007821106239542751,0.0004139143166475411,,0.00026367136001687497,0.00026604740964839934,0.0009539746336581017,0.0017999479384489358,,0.0010932229047299943,0.0024347490816140744,,,,,0.00033713828324836,0.000400189180339797,0.0011307659530019184,0.000904802421096905,0.0007143795659263492,0.0004412362724836713,0.0008522282012434042,,0.0010105214081544348,9.074726885623539e-05,,0.00018995391552831966,,,,,0.0006033969618147571,0.0009252842623387076,0.0006115119571990551,0.0005176074770752825,0.0001722868117687019,0.0007933434408841547,0.0006319674774276765,,0.0007389748170234094,0.0014510231325332284,0.0001426330052774212
2019年2月,0.0005455763713570331,,0.0004787819664401375,0.0005961943417338976,0.0009881064263214273,0.0006421833899476054,0.0007101288171058655,0.00044333666115008456,,0.00033618019526606,0.00018387870920289365,0.00048223411146565583,0.0004564581918108019,,0.00028524366236792415,0.00018986068023284515,8.469432406871533e-05,0.0012990505704472781,,0.000490243205197342,0.002365955367892101,,,,,6.493014598461155e-06,0.0005165010059757965,0.0009932483736583965,0.0007672924323347309,0.0005316155073492721,0.00039364264173872844,0.0005397670612295292,,0.0006013056762693872,0.00022844958879074018,,0.00017705017931477464,,,,,0.000365648538624674,0.0007442992573901585,0.00043387854180552694,0.0005484428610289666,0.0001742819681377115,0.0006732028639171836,0.000508519825916713,,0.0007750200160128103,0.000313731221800414,0.00022114108801415304
2019年3月,0.0006824777426177633,,0.0006565690521240528,0.0005874461872988874,0.0010684660280128758,0.0009262975251219693,0.0008543248519422589,0.0005730234286934291,,0.00040373702767317385,0.000604749256978928,0.0005070202056227191,0.0004704278271170023,,0.0003903169212445074,0.0002645202735895401,-0.0005036663950818458,0.0017587104636348529,,0.0006399353119653641,0.0021313841068627075,,,,,6.973972290083434e-05,0.0005183415453727591,0.0011110534408595174,0.000861242215661167,0.00070670446126634,0.00042916613020900393,0.000790855750121154,,0.0007287941892846525,0.00021065788457352313,,0.00016303506068980134,,,,,0.0006384128075430928,0.0007972582110996444,0.0004820308297646608,0.0006535240590423168,0.00010007623741438898,0.0008702729777109943,0.00043045917571401333,,0.000627414510791848,0.0006016949042172041,0.00017940840079836738
2019年4月,0.0006096644000699082,,0.0006460580893816967,0.0005637651157657362,0.0005602066908318655,0.0008033277079848309,0.0008292217038868259,0.0005295661537577086,,0.00042166811907907683,0.0003275811289227089,0.0004822633456273587,0.0004752699181649385,,0.00029661268315833185,0.0002266400238727492,,0.0015582889961504819,,0.0004931810360850259,0.001758229392672403,,,,,8.382100245507305e-05,0.0004153637102660108,0.0011038215725580845,0.0007541068852512514,0.0006142901677799185,0.00044029833441010734,0.0005873765191974484,,0.0006748849310445993,0.00018588347761431834,,0.00039612855801037287,,,,,0.00048704065977774714,0.0008413442373547462,0.0004762027638526915,0.0005979502616765177,0.0003168550486742457,0.0007746611541434991,0.0008043956422117009,,0.001050152749490835,0.00036099765677333255,0.00016600633037473162
2019年5月,0.0006625907297533356,,0.0005630951039364215,0.0003739100521978433,0.0010026504192402518,0.0008321363197870244,0.0007727292047434862,0.0006239265927214443,,0.00039775169060796573,0.0006528583613255131,0.0005931846283576612,0.0004156067173006572,,0.000450032568146379,0.0002612544693175287,,0.0019181936552439772,,0.0006903110374363683,0.0015485939347342004,,,,,0.0003609282806363098,0.00046340018418690866,0.00122331263769277,0.0009157602658627035,0.0007290012311194261,0.0004506314647613163,0.0004955142114091378,,0.0006439119619635378,0.00019001639771135806,,0.0004033243705695429,,,,,0.0005468567798177681,0.0006040551440932757,0.0005015021657637287,0.0006165356034490424,0.0003317613840581981,0.0009777939092044043,4.065929751950244e-05,,0.0007623524927338278,0.0005347153668970056,0.00035518687412635486
2019年6月,0.000708209630050495,,0.0006480772627108397,-6.191548830681778e-05,0.0009812132485828389,0.0007030854850711914,0.0008277391852675311,0.0005995618072442223,,0.00035206018014241744,0.00028043411200538433,0.0004840671864434689,0.00043361584062343646,,0.00035386548340410643,0.00030026761351054126,,0.0014551846355554915,,0.0005011689917687522,0.0017023829747244922,,,,,-3.9342835785317715e-05,0.00037902421673187826,0.0013703699838397494,0.0008761676039594988,0.0007045097599282028,0.0004968642023371323,0.0007906931323103675,,0.000719014933551081,0.0001414077137907873,,0.00032066763814077716,,,,,0.0004444121235627308,0.0009138261055937028,0.0002945711243148591,0.0006415587501485089,0.00023512653504666637,0.00071922003897957,0.0007996085161832584,,0.0004591397304691458,0.00044680342960149756,7.982575178752666e-05
2019年7月,0.00047143758876439954,,0.0007921380585667638,0.0004681015780424352,0.0011381139849945415,0.0010819429869646715,0.0008491415323895967,0.0007614174213183713,,0.00036809787339365255,0.00041779021116004883,0.0005696036876425186,0.0006712126972058544,,0.0007421384640891829,0.00030130805358763733,,0.0016162510191761448,,0.000733659935476162,-0.007084120760137402,,,,,1.6042976843108853e-05,0.000441727330553396,0.001236098865608496,0.000998078369298981,0.000801969598314958,0.0005267276448493748,0.0006015451390833156,,0.0007427883711309188,0.00023460994319595617,,0.0005008193404409614,,,,,0.00047889336379409157,0.0007299195604530138,0.00012903681252455606,0.0006400071276895891,0.00025329819007815975,0.0008980569735402506,0.000904877510483337,,0.001206788911701669,0.0005273907581961318,0.0002196257577088641
2019年8月,0.0006701836654943338,,0.000632487167037685,0.0003877744191017068,0.0010964199651407663,0.0008743723929601812,0.0009173003782171624,0.0006843894338055945,,0.00043697332109808037,0.00031398194062493234,0.0005787552103113489,0.0006127711475678995,,0.0006586446119321162,0.0003022658745559304,,0.001455412426161839,,0.0006120304330512927,0.0015913543486409834,,,,,0.0001658787426391308,0.0004552086372920922,0.0012136830357670264,0.0009364238712654002,0.0007908626823901582,0.000494573326804772,0.0006022710571214958,,0.0004913137268449214,0.000261822710643447,,0.0005045125847861427,,,,,0.000520927883059583,0.0006415152725277965,0.0004219698271258689,0.0006267978135644344,0.00023739091994336893,0.0009011358145884302,0.0006648671686319079,,0.00042278422630486585,0.00025354900074283005,0.00024401111841965668
2019年9月,0.0004569714510015291,,0.00040492091281287094,0.00027813606049306494,0.0009505437669490341,0.0007266217899740526,0.0007621188731101133,0.0006257140721599949,,0.00038852215757729597,0.00037832929782082324,0.000501062043936819,0.0004388795290129686,,0.00041560176805537216,0.0002971525358254526,,0.0015074271215164154,,0.0002987716902964355,0.0015138144536995185,,,,,-0.0006435752767032572,0.0003556540244293502,0.0009110718120381482,0.0005541539823912141,0.0005468084409201127,0.0004645312937312663,0.0003059874686362845,,0.00042813082934467576,5.6327714643797615e-05,,0.0002271640363462458,,,,,0.0005805697429017504,0.000761331656598491,0.00044625631414568014,0.0005213249901699314,0.00020309894011943832,0.0006000572573718866,0.0005566696982271877,,8.100760499395683e-05,-1.031515373447247e-05,0.00013970833198998398
2019年10月,0.0004947047194830238,,0.0004084978298552789,5.795492327073185e-05,0.000742598271949217,0.0007782119603005296,0.0008118598169034696,0.0006194893485215032,,0.0002820143267301965,0.0005359619144172141,0.0004530277195451998,0.0005523908165026756,,0.0003067424346697603,0.0002983293556085919,,0.0012822820675318783,,0.0005366244790294294,0.0015678235466382864,,,,,0.0005381054548715791,0.0003942289587648277,0.0009892879155516373,0.0006651500364074798,0.0006674034394142491,0.000468320898805637,0.0005917168928976933,,0.0006487500488516603,0.0001358569354965571,,0.000387384832885378,,,,,0.0005506479808281436,0.0007307312895520396,0.00034932463903120635,0.0006538137653742602,0.00016827709602479973,0.0006404887043872326,0.0003349311114277614,,0.0005009609938018356,0.000797150879642115,4.2191867517535994e-05
2019年11月,0.0005253940455341507,,0.0003938105540471884,-0.00012045036391066197,0.0006757742478028953,0.00042570442365479354,0.0006573185033921594,0.0006058624403754424,,0.0002926586919128648,0.0005441799949539673,0.0004841136740107741,0.0004743920871969696,,0.0002249160442696821,0.0002982025839253897,,0.0012809386068688394,,0.0003993771997838799,0.0017474069041832712,,,,,8.599021034528376e-05,0.0003948097252831434,0.0009807433181531324,0.0005098310293973873,0.0005094660287530502,0.00043711475690848446,0.00034746777121619845,,0.00029619626005617373,0.00027090224706284935,,0.0003394232173374222,,,,,0.000418196180474885,0.0006369705528776013,0.0003593682708291287,0.0006457643461414844,0.00015278728073311255,0.0007144361907727818,0.000612361758596985,,0.00018455560951918408,0.0004012812741528232,0.0006616791709800322
2019年12月,-0.0012048537303758495,,0.00040624375745604784,1.49141986153658e-05,0.0007501473966259769,0.00029197954929733417,0.0006808645787093852,0.0006367706902636805,,0.0003279497414524145,-7.077687269170882e-05,0.000504708179423993,0.0004541280091404109,,0.00011501303481061186,0.0003176737416795337,,0.0010016632556529052,,0.0005500303607326664,0.002221554444182103,,,,,0.00019723069099653777,0.0007114591969330817,0.0009449497085372334,0.00017863497901819442,0.00040280978398154376,0.0004636809418572633,0.0001598898739458689,,0.00014175889524273524,0.00011235008285818611,,0.0004641236393640316,,,,,0.0,0.0004653818666460635,0.0001957562113961024,0.0007994267813893445,0.0001997828532074025,0.00032096406480317083,0.0005389810088456295,,0.0010843294793912077,0.00044344060175304087,0.00014036451585039303
2020年1月,0.0007859945941666761,,0.0005779054006385479,0.00026915432303251146,0.0009001211037135274,0.0010540163510673003,0.0008920235826736408,0.0005038194110539233,,0.00038075208205040666,0.000574396466931283,0.0005018445356653062,0.00034277690592219375,,0.0004631462571059335,0.0003342531484789625,,0.0013867766698960429,,0.000904211761873572,0.0017812763324906937,,,,,0.00027052773718577163,0.00035610421983500506,0.001042193440031158,0.0012445561380165114,0.0005939055851682582,0.0004268551574163384,0.0006481863277979782,,0.0008034891024340821,0.0002237402375841648,,0.00037611217545632986,,,,,0.0005695721880010126,0.0006297874656269984,0.0003713263754815001,0.000591445147177707,0.0002976866130176084,0.0007296226036341872,0.0005103711127090985,,0.0011353838255523888,0.0007827484462998482,0.00017036500702755653
2020年2月,0.0006175281862790413,,0.0004059107160429035,4.006673974076819e-05,0.0008959867669646725,0.0006524091279081788,0.0006533923451190393,0.000510843442289476,,0.0003744837615636748,0.00046339133473200536,0.0005147259212800669,0.0002919901968788877,,0.000267811340112858,0.0002637389135463841,,0.0013337099102491683,,0.000416928047776988,0.0018048060009799533,,,,,0.00038853925526098436,0.0005011674252965732,0.0010679960039278692,0.0008270823404152613,0.0005221507787347192,0.00038584761108789527,0.00043555158719665,,0.0005799114035019667,0.000138936165778633,,0.00032210868645629994,,,,,0.0004253448838099559,0.0004447329629616346,0.0003127046524787768,0.0005764280528319045,0.00017163132657004718,0.0006210910769425266,0.00042947505361488734,,0.0008474659139430959,0.0006844268905658074,0.00016919221292839996
2020年3月,0.000555101679505314,,0.0005353792477609661,2.6607932120208724e-05,0.0011245731796333863,0.00010497224570021012,0.0007733915410152156,0.0005608699071563689,,0.0003504273734224042,0.0005877832871151093,0.00040132138612837434,1.9793973017987067e-05,,0.00021163541265126264,0.000341245165693486,,0.001241430605113393,,0.0004245792381301816,3.928108472929976e-05,,,,,0.00023444993073070227,0.00040716612377850165,0.0009875958866858877,0.0008600077273137716,0.00016145124365796312,0.0003938196642057139,-0.00046821580331402556,,0.00017513201709135783,0.00024916529625753725,,0.00035539128580567203,,,,,0.0005439658643758875,-0.0006291337460198362,0.00021291002422376304,0.0004173107554500197,-0.00010909234004238237,0.00035862144437929285,2.507238000226971e-05,,0.000806981026338964,0.00024466192170818506,0.0001497550435359305
2020年4月,0.0006147237310803221,,0.00044538026603323694,0.0003676176302300278,0.0004414152058731797,0.0008778561703912182,0.0006368418261176125,0.0006753067473984777,,0.00040271434208364877,0.0006568076485546534,0.0003718688983085474,0.0004961575204185267,,0.0003615108871857709,0.0002323359127616121,,0.001119408862118079,,0.00044280297563599626,0.001708224079632767,,,,,0.0002619261823689515,0.0004886866105756493,0.0008093261016374279,0.0008503605657384889,0.000764371936215148,0.0003134377255091348,0.0009488637318611939,,0.0006291792084516494,0.00018874783289525194,,0.0003136258678615812,,,,,0.000516327100195367,0.0010573784665104827,0.0001825431652152404,0.0005806353726570342,0.0002142322950713547,0.0006932763306128163,0.0007552850074600958,,0.00046557013208160873,0.0012782467103304124,0.00016084755940636527
2020年5月,0.0005525492448191715,,0.00029692497304185505,0.0004672436109514937,0.0006073228578288697,0.0007191748460482532,0.0005494630932992202,0.0004858826345950456,,0.00030282860001735237,0.00030495072801181415,0.0003633325021209592,0.00042716321319538554,,0.00039022193872765133,0.00027234518648284594,,0.0007092792275078168,,0.00048440260822357176,0.0015064685494663875,,,,,-2.6557427116460957e-05,0.0004938736153900426,0.0008647348271203582,0.0008041328532272801,0.0006472889445021333,0.0003423229600939006,0.0004769224226443981,,0.000673739543562284,0.0001719326553014773,,0.00036177316036381795,,,,,0.00048373610122523443,0.0008640002245523426,0.00019680705969056427,0.000495065702900829,0.00021802225495142313,0.0007128665817387344,0.0006762319181465366,,0.000556444320790151,0.00040778320061649113,0.0001923734610123119
2020年6月,0.0008787503170288237,,0.0002906211635602375,0.00023224740943784657,0.00036924656315068325,0.0007794598929165407,0.0006493976132924764,0.0006255940135465165,,0.0003585803414736953,0.00036665851869958444,0.00023170748883147188,0.0005656443766868324,,0.0003041305433423571,0.0002725287352088712,,0.0008469083329004691,,0.00032762274671797984,0.0015305497734786335,,,,,-0.00018387423002666178,0.0004051150174375594,0.0008384978590354666,0.0007006996190220192,0.0005157082015517128,0.0003971810660307455,0.0007060215076768378,,0.0007731047777574446,0.0001908019816148662,,0.0003414229396515104,,,,,0.00017015368280631066,0.0007946616539151873,0.00020111785506306696,0.0004957212177179261,0.00018110394378533586,0.0006807085458282135,0.00046123678453542633,,0.000752060364546439,6.822833750284285e-05,0.0001511764769401881
2020年7月,0.0005878172677902457,,0.0004549862144122535,0.000552954084438999,0.000814860570980999,0.0009283559043362474,0.0007144802456730183,0.0008669504743343841,,0.0002910596346658931,0.0002725214629682916,0.00031957877164059793,0.0007603931377484456,,0.00037468189136450984,0.00026749292258309,,0.0009623271307992798,,0.0005467125546712555,0.002039255671679837,,,,,0.00016219710832253922,0.0003820218215495037,0.0011355936231053337,0.0007633173954713627,0.0005629867163877872,0.00042679209597194426,0.000594745949733978,,0.000726405382725728,0.00020097809338782074,,0.00042468689172450404,,,,,0.000614072379564211,0.0008112490862827418,0.00023459213518137198,0.0006241605323905349,0.00025906929213193345,0.0008668973584873002,0.0005840052186603204,,0.0004493323540986858,0.0007844960798920685,0.00013902999839580772
2020年8月,0.0005298419537224883,,0.00041926030204879463,0.0006128757194628011,0.000846532617993551,0.0007392893250008652,0.0005277602254483425,0.0006245268178296515,,0.00026990740557205175,0.0004246044102244742,0.00026380381654225797,0.00044746006485507487,,0.0004696988335812299,0.00026136861441503127,,0.0008700515816294824,,0.0005132494887025251,0.001570350733428882,,,,,-8.223759354526265e-05,0.0004640557325205674,0.0009134441182660618,0.0005615222133339443,0.00048844919098457,0.00039409985397957854,0.0004014197583030508,,0.0006615379537669635,0.00021479393207141898,,0.00035216503236005353,,,,,0.0002753646943124078,0.0006871202504616635,0.00024707602759207174,0.0005699706486436547,0.00035585930370451063,0.0006523725243043234,0.000647166607255369,,0.0005015506804265086,0.0005237071286165974,0.00026562118169551314
2020年9月,0.00046711574128337896,,0.00035791798347485057,0.0001907237820819408,0.0008258852842333005,0.0005654260753772457,0.00045099190471380884,0.0004524279968850533,,0.0002523225817882813,0.00014552236589668506,0.00014582373026131342,0.0004009962706023414,,0.000260434359218244,0.0002674283422042781,,0.0009823219308649027,,0.0005877651568151078,0.0022916032807472958,,,,,0.0003871546173282256,0.00031883216333316255,0.000800525132958506,0.0006528016404144289,0.00041938835087180695,0.0003672708032201836,0.00022614709745442238,,0.0005736527638265362,0.0001464343242055938,,0.00039251753822235736,,,,,0.0004726270185112249,0.0005444611728167107,0.0002591448220871125,0.0005579717020544405,9.737280253078707e-05,0.0005165444035553095,0.0005587292443420329,,0.0004004305429197473,0.00017284792652561652,0.0002155242087567486
2020年10月,0.0004485059146717497,,0.0004628460681053811,0.00040615457590940083,0.0007314702256479694,0.0006531482609036555,0.0005289573075196322,0.0004747161819001872,,0.00023569000455362241,8.443118130868331e-05,0.0002223916916949798,0.00039123127173328325,,0.0004037413363838234,0.00026734638569660216,,0.0006566161897981566,,0.0005068902667311021,0.0019298779024179483,,,,,0.0001519882830850858,0.000345403584269981,0.0007573415429349663,0.0005244798053766294,0.00044562697771652473,0.00036834464595874433,0.00031281447445692754,,0.000573537157901322,0.00019206188366348108,,0.0003815526905187972,,,,,0.0007378566581681391,0.00046350365072710825,0.00026748391539540667,0.000587549846857522,0.00013404615681172539,0.00046069668128023987,0.0006163920253281086,,0.00046664311847226226,0.0003343855124380574,0.00029995286454985643
2020年11月,0.0004648033143664496,,0.00039847847465034964,0.00035426261279096423,0.0004845639232392951,0.0005463680647494475,0.00042855552937809584,0.000473568303269655,,0.0002080755382372074,0.00019764929109787594,0.00018897892489450142,0.00045657906821133836,,0.00029374614458185235,0.0002576484791378346,,0.00045970001421516253,,0.0004348059640377967,0.0022575206206768795,,,,,8.53125044433596e-05,0.000399961693809607,0.0008565800454984812,0.0005114247246733372,0.0003929135617076131,0.0004710303339893772,0.0004608632356044846,,0.0005274120160547794,0.0002669583675170267,,0.0004467503604036521,,,,,0.0004235745722889573,0.0006156861166666898,0.0002743301155152216,0.000597820276938485,0.00023359050037956126,4.854450898284479e-05,0.0004191751204641813,,0.0003959483449683728,0.0003046271928447155,0.000369649593929049
2020年12月,-0.0014182031910397294,,0.0004904219453555901,0.00010643053279124715,0.0006175119370584218,0.00021748005750585613,0.00036937205710783064,0.0004151822140552634,,0.00019577586295432839,8.242848281296279e-05,0.00025874142267842524,0.0006014611496194756,,0.0002487516690139557,0.0002534184336568642,,0.0005779972571616921,,0.00030555181599125096,0.002221059255244254,,,,,0.0005461483309995717,0.000389040182293114,0.0007576612686067812,0.0001014596425868048,0.00023524021093887436,0.0003734913489040235,-0.0004064450147391342,,9.858044164037855e-05,0.00012995113837197214,,0.0002918305904951885,,,,,-0.00014593698175787727,0.0005690684654857792,0.0003448835850481247,0.0005918386683492644,0.0002872737719046251,-0.0004782884246531886,0.0005844220757749359,,0.001434738649676622,-7.609848900596349e-05,0.00042475660328851033
2021年1月,0.0006586816535858826,,0.00041110041842886997,0.0006131918619372592,0.0009208453551933788,0.0008651861508139734,0.0007050330799311401,0.0005698261314437122,-0.0033723467565959135,0.0003226446619592981,0.0005543999880129732,0.0003730256316454453,0.00021640365631471053,,0.0003699002719854941,0.0002852110918593624,,0.0008512970277204326,,0.0008241243307088957,0.0021207811491689168,,,,,0.000668471460312778,0.00047445658170583693,0.0010044484847581648,0.0009096466821759804,0.0004461414941198149,0.0003999285365182499,0.0005059406989742388,,0.0006980765850295935,0.00024041273017894505,,0.0004056053934555022,,,,,0.0008912475440053475,0.0003259152716483985,0.00024999059024182797,0.0005815239202902706,0.0003235087660887346,0.0005615365282935659,0.0006306746442144802,,0.0007919021617651755,0.0006647008985306906,0.00017769880053309641
2021年2月,0.0006103307015873481,,0.00032046710219762456,0.0003652934676395649,0.0007406384716525141,0.0004907823927979558,0.000478554472074076,0.0003888933553456944,-0.0039560015438054805,0.0003004803833821507,0.0003237900707076567,0.00027713316017751615,0.0005457379138089461,,0.00018340639620816266,0.00028827058999380753,,0.0005650850576882241,,0.00039320930011712196,0.001785831981143623,,,,,0.00015586483401594138,0.0003037482534475427,0.0009159049006492434,0.0006481702791440756,0.0005129867091382689,0.00036866424789834795,0.00037049987724401657,,0.0005612349663637631,0.0001878347831155961,,0.0003222930073160513,,,,,0.0003122965089237066,0.0005366714535166911,0.0002522935908980582,0.0005871108683779356,0.0002770753973466439,0.0003999031527058753,0.00039845058878428447,,0.0006411167432532727,0.00047522120916462,0.0001903247836455033
2021年3月,0.00055921755193142,,0.0005102522090433876,0.0006412511245241201,0.0007302028857177404,0.0006258980143793386,0.0006501472764666025,0.0006488557005752143,-0.003948852952237684,0.00037333498833448127,0.0009286547103593337,0.0003420092459280046,0.0006252479486860164,,0.0003867145317105916,0.0003327507148655468,,0.0007769833444527758,,0.0006231498733233584,0.0046644472676354125,,,,,0.0005537759403449642,0.0005089171128910918,0.0011141366109746914,0.0007164190419632661,0.0005830863394994233,0.0004145871921411682,0.0004506388468358084,,0.0006584822435301864,0.000266228579962728,,0.0004522035129447706,,,,,0.000715183274068925,0.0004891307763543799,0.000259202964878838,0.0006028652392519583,0.0002855860030695412,0.0005815522169649601,0.0006400501416874484,,0.0006155044310038374,0.0008467437528965632,0.00020135579569098599
2021年4月,0.0005391728568690946,,0.0004729638304694977,0.0007658586347497634,0.00048445677689958424,0.0007312987599919895,0.0006714561565088156,0.0004839859214076397,-0.004617055947854427,0.00035659447546560646,0.00034279179215740283,0.0003475864805250699,0.000984761320986972,,0.0004602671690357938,0.0003187984839360986,,0.0005372827508876845,,0.00045091538677409997,0.0020980488146024197,-0.009936575052854123,,,,0.00039581379788051135,0.0004159433873320282,0.0008984090641807953,0.0007006915725543247,0.0005595398968597725,0.0004496640349487358,0.0004515978300510576,,0.0007548786111713708,0.0002544464517442304,,0.000353404344046197,,,,,0.0006307436671301164,0.0007010024609019985,0.00025121569487611823,0.0006075986039986158,0.000330559609950872,0.0004732645415847981,0.0007080675865788645,,0.0008068997780240688,0.0004118246076434647,9.871776590727111e-05
2021年5月,0.0005023695911947129,,0.0004099242913494453,0.00041412895913512434,0.0007699519802407601,0.0004732269142433901,0.000605070023518412,0.0004906165083436372,-0.003115534400692341,0.0003899453413993548,0.00024726645462586967,0.0003252157763884788,4.1497115321740966e-05,,0.00020069958139801595,0.00032600245755698773,,0.0005237811509690523,,0.00044606882499561434,0.002190740925408855,-0.011504692703602786,,,,0.00014919353898730224,0.0004191345973550401,0.0007485565682110989,0.0006831791597735164,0.000569283741493665,0.0004484002237179611,0.0002443504733212404,,0.0003589652914327247,0.00020164212303950296,,0.0003905746105003655,,,,,0.0005054782917566054,0.00011371652436602374,0.00027141942627772586,0.0005651065029258151,0.0002630054826953466,0.0006772035538181102,0.000394345567435104,,0.0007482369666473373,0.0002936114793367288,0.0001338016390700786
2021年6月,0.0008568412305533416,,0.0005487556964582809,0.0005521619506777393,0.0007760122159342379,0.0005657668147223624,0.0005526819683039641,0.0006156011688404247,-0.004171437919188614,0.00043705501769776035,5.244679272877666e-05,0.00037465582130827985,0.0008798496850238539,,0.0004027835218384191,0.0002815404485643197,,0.000592647682573253,,0.0005564317813174375,0.0027681059576343246,-0.011592550361079437,,,,0.0004928377320252406,0.00047961101892534053,0.000989027421821676,0.0006815746235696624,0.0006016168778830487,0.0004910923162199965,0.00030589607538194125,,0.00042956175291306855,0.00045869000613652845,,0.0004483443284442452,,,,,6.88857048385319e-05,0.0005308950325633917,0.0002785206191454104,0.0005599746324744806,0.00028700398717564464,0.0006216183927491057,0.0007473593082803954,,0.0007950379731171985,0.0003023682997074587,0.00021448568590264609
2021年7月,0.0006606668095711904,,0.0004042647931311372,0.0005995015662370762,0.000693099130301629,0.0007770992588467764,0.0008072388354517642,0.0008247378984724688,-0.003974878766197631,0.0004047386365363305,0.0004820666887613899,0.00043463780660706817,0.0006242850627649474,,0.00027408173482774875,0.00031700298335029885,,0.0004102773338773475,,0.0007037779859420592,0.002525603810972311,-0.007160059884137213,,,,0.00034804575764490575,0.000432751522952475,0.0012040770609318997,0.0007249257464101322,0.0006257575622441767,0.0006157682372196761,0.0005206685554497825,,0.0007491513408908693,0.00020340612807189483,,0.00037027894347074796,,,,,0.00045258955531387424,0.0005277124619430479,0.000294883076519818,0.0006493436509818291,0.0002142591109323762,0.0007892764398143592,0.0007184141752605268,,0.0009229812923621728,0.00023109971952897676,0.00023627096904850305
2021年8月,0.0006121049359372897,,0.0005991611743559018,0.0005493698217103288,0.0007717765639671405,0.0007956233192200839,0.0006185297861489909,0.0007507879793885645,-0.003745318352059925,0.0003904716273244878,0.0002412604842940878,0.0003966983763110612,0.0007809041576929007,,4.3544840299298204e-05,0.0003251649050589942,,0.0006345701553871232,,0.0005903345212784792,0.00168785418900291,-0.011213685912481093,,,,0.00011339128383879388,0.00043611952987418777,0.0008601677033448928,0.0008307645219824665,0.0006226662615399902,0.0006325930611800453,0.0002905869574417063,,0.000709949102843513,0.00019695216524286664,,0.00042259965144260153,,,,,0.0005363172879560352,0.0006175438741429062,0.0002055143444912418,0.0006652954263988141,0.0004956289880026878,0.0005806429791056219,0.0010118984825686953,,0.0007481789007182518,0.00021054983585706673,0.0003334185402936306
2021年9月,0.00048609039703169214,,0.0003245549241908661,0.000527889642615551,0.0008716591799896133,0.0003982650127806863,0.00046524966261808366,0.000462790020182544,-0.003561359252114557,0.00032352436516017066,0.00013193264838300047,0.00036289307244530684,0.0004037297172401285,,0.00010815331814380066,0.00031924063294776157,,0.0006357407508633003,,0.00043256239022744015,0.0012282541114511075,-0.008595988538681949,,,,-0.0006809342864924963,0.0004113307922231058,0.0009111101804071634,0.0007031840694646702,0.0004985352300619612,0.0003797737050491455,0.0004120605871152917,,0.0005357287703326989,0.00020972895616664817,,0.00045099006412514976,,,,,0.00020065144836903815,0.0004085715790027905,0.0002819728351249632,0.000719787235773019,0.00012800857030289704,0.0004241662385901134,0.00050705426893085,,0.0006757652884002046,0.00019305847526706422,0.00035484586382789974
2021年10月,0.0005554529836430831,,0.00034186770921297425,0.0005429484960961686,0.0007624919406634523,0.0005047344807933284,0.0005090955281155777,0.00041081691288351183,-0.0036257146841444706,0.00038994443749446967,0.00033111023469093435,0.00032563662773798,0.0005749300626200882,,0.00015960418162955868,0.00032653940002870676,,0.0006009293209872695,,0.00043891448002792647,0.0013019505258800165,-0.00819402124680886,,,,6.193100885613426e-05,0.0003861717866156122,0.000921057233796971,0.0006992935172017143,0.00037256876268161316,0.00038811364413273683,0.000498868228544724,,0.0006673682709768433,0.00021882370103819688,,0.0004306451274079365,,,,,0.000418949832420067,0.0003944703854767754,0.0002626736219396368,0.0006173243665410194,0.00018954822331410277,0.00037342013962827103,0.0002984480700358138,,0.0003414007361841329,0.0005200547020501416,0.00024013010685789755
2021年11月,0.0005311620262893959,,0.00035116881382448475,0.00046138635614632537,0.0004868019304639023,0.0005817541333470469,0.00046120326858694737,0.00044115442051463394,-0.0033907319992021808,0.0002494836494205623,0.00035303358820397104,0.0003465299766753971,0.0006128080553068443,,0.00019674639753702658,0.0003230333549885323,,0.00014118224786692038,,0.0004643066119112916,0.0013504388926401081,-0.008340823296782311,,,,2.179917293937868e-05,0.0003839311303256926,0.0007920644358680127,0.0006355737581705974,0.00033893124432882307,0.00038314427262401416,0.000490524584954022,,0.0006166304869750782,0.00020992578506069326,,0.0002874137320673109,,,,,0.00031103169876249093,0.0005112544793188605,0.00024561488800973954,0.0005087811611724995,0.00016343997356128674,0.00038497814070859236,0.00016012787354473073,,0.0004097383178713177,-4.879541855379251e-05,0.00019529978517023632
2021年12月,-0.001662142116206344,,0.0002723992768066259,0.0002634377033310587,0.0007188120214599689,0.0005123742524290778,0.00046438703944958316,0.0005562441170582949,-0.0034261785419706873,0.00018410663503282061,1.489442829226443e-05,0.0002649572918766378,0.000306167891338232,,-0.00029798012046910587,0.000299256786967895,,0.0010915422571515744,,0.00039737956024901824,-0.0036517479403250946,-0.009006755066299724,,,,-0.00016820700675631477,0.000327228641625629,0.0008052141635856143,0.0002914208943159908,0.0002725408414155069,0.0003758439453859537,0.0001326413874289125,,0.00035508752465368494,0.00020623684481890585,,0.00012625908363962852,,,,,0.00027767860684676105,0.0003133254896107725,0.00018995325369147435,0.0006765403092156328,0.00017679590669717672,5.1450791252639124e-05,0.0004385860434354319,,0.0008012459825166326,-0.00010628106322394749,0.00046657479845053766
2022年1月,0.0007252517386956156,,0.00045545658127418604,0.0008237740575963075,0.0006194718632042941,0.0005403930687559805,0.0005754192488087994,0.0005054261469285642,-0.002891156462585034,0.0003848914685327004,0.00030353138378598775,0.0003535007988576587,0.0002506204976088141,,0.0005858834056514669,0.0004763963911141079,,0.0007357077941749253,-0.007778264680105171,0.0008050219829309007,0.0006174436656160324,-0.006854390515005557,,,,0.000387364224308804,0.00035549044215470296,0.0008853417259671743,0.0009366517848338355,0.000496969313177396,0.00037723070214114605,0.00033107484880234015,,0.000743015921511486,0.00027142165944842397,,0.0004728877679697352,,,,,0.0009228497600590623,0.0003343998359608112,0.000455074202655368,0.0006184034255644071,0.00026479671906157057,0.0003823612144474089,0.0009378945126022427,,0.000907331601063477,0.00042811972156145346,0.00022526629694388724
2022年2月,0.0006831185661539967,,0.00029304127762491065,0.0007258597577172791,0.0007694011101977144,0.001322821412252119,0.0003266182514278898,0.00038592131944467954,-0.002276216187602562,0.00034173050670283366,4.593293495155557e-05,0.00032560916047104794,0.00044001068427027386,,0.00025121237275547206,0.00029615654615654615,,0.00022923271276763235,-0.0075517128160227645,0.0003884813643204351,0.001173491989450307,-0.006759404388714733,,,,-0.00010765090349865437,0.0005155718819984855,0.0007487931342749866,0.0006455548168803395,0.00045349965439919,0.0002961612061592856,0.00029758938943666874,,0.0004169063320714671,0.0002636768010271931,,0.0003694692887367636,,,,,0.0004268116513014472,0.00041816962508769946,0.0003909872254439262,0.0006697374889135687,0.0001861349280212273,0.00024024650129799013,0.0006414332251206538,,0.0006386546482556555,0.0006869673958136624,0.00014951195027659712
2022年3月,0.0007400619706923302,,0.0005350177017312365,0.00047449146223479315,0.0008470368600172727,0.0006144710872990277,0.000532589462498183,0.0005528898702920364,-0.002803738317757009,0.000375949352949718,0.00020517323507974496,0.0003928742574182114,0.000289582712512857,,0.0003810325619540801,0.00036427749202232293,,0.000844388365723606,-0.004698757439699279,0.0008207879842568048,-0.0012465328957668098,-0.007362928014868825,,,,0.0007747963311114909,0.000580364511508788,0.0012741264484796542,0.0007634958613516841,0.0006112318433461397,0.0004227593454436271,0.00039092826946342696,,0.0005226133143817785,0.000264234180414503,,0.00046161053849969687,,,,,0.0005259056031123474,0.000517679312582039,0.00044175606674218477,0.0006735070808907909,0.00031105465383831087,0.00032111087525564096,0.000665473844819732,,0.0007350315438638258,0.0005009725966624578,0.000318562295406112
2022年4月,0.00065327082547059,,0.0004716685903678113,0.00037778277490442997,0.0006060220431879476,0.0006265567465963771,0.00028875087541076964,0.0005143626525648374,-0.0025485670321215618,0.0002901945948613234,0.00030264553467148513,0.0004546133611698919,0.0002288755060294391,,0.0004138860604639919,0.00041390132592389973,,0.00046784804295564803,-0.007574001082000154,0.0005826467059177218,0.000752611620439653,-0.004759398668283642,,,,0.0002664529266496252,0.0005716819738522282,0.0010116706497626218,0.0007063147285695331,0.0004926370312910531,0.0002592235963114804,0.0006498848414692979,,0.00039675001001567614,0.0003916441884966931,,0.0004264421189435066,,,,,0.0005881138438244919,0.0004238117372278833,0.0003862285659468953,0.0005892046894518209,0.00020752587650036268,0.00033027130623197466,0.0006759560427793171,,0.0005444986298272184,0.00023120901294770472,0.0002958158491558292
2022年5月,0.0007641435186597442,,0.00043430877088380574,0.0003230808994572241,0.0010100537229416964,0.0006374702189188069,0.0006361258173288102,0.000705443817478398,-0.0024079378918088596,0.00043800517042355964,0.00023082785903531377,0.00042047319435734883,0.0004787168002139303,,0.0003924030764401193,0.00035924139599072377,,0.0003730039288962731,-0.007740868781001052,0.0006483998206261611,0.002094353692354298,-0.004021447721179625,,,,-0.0001778382427803231,0.0004592373456081424,0.0009592112321190515,0.0006991601928310789,0.0005590444752981417,0.0004875568745640536,0.0005273468986264389,,0.00039486175272522014,0.000402403545501509,,0.0004489845522307443,,,,,0.000478550244627329,0.0004549657897345364,0.00036899386989102143,0.0007598980933936764,0.00039593187983130105,0.0003024267325876297,0.0006613899447131997,,0.0003848519923379467,0.0004546817576378864,9.626286178792221e-05
2022年6月,0.0008555825242718447,,0.0004258162625297699,0.0007443665643283323,0.0010007496225459024,0.0005849511207117764,0.00016438847027293104,0.0005902456812842932,-0.0021967732641889944,0.000308098758806319,0.00010570303085823814,0.00038993061963348035,0.00023842011825637866,,0.0005398062417330998,0.00043707567236807597,,0.0005140384246663161,-0.005617364746945899,0.0007903964481970785,-0.0001839244300498033,-0.003554201574003554,,,,0.0005431075309462671,0.0004870946676515614,0.0009467343070142637,0.0007740393895035525,0.0005493026631491747,0.0005216187158561784,0.0003850886297306885,,0.0006937156948321711,0.00041587384780156553,,0.0005427224313964927,,,,,0.0003083370564508517,0.00027452915456448526,0.0004838577982252499,0.0008201728732046533,0.00035540794286670525,0.0006421622250951419,0.001025055123407027,,0.0008138759959660059,0.0008584647973688611,0.00021945224719101123
2022年7月,0.0008265940201041111,,0.0006260539587318565,0.0010338669757824492,0.0008947965472023986,0.001149350785694006,0.0009049867135082772,0.0008169969153508398,-0.0022617456564202735,0.00045242304432351483,0.0005932065319558688,0.0005066037649541503,0.0006056788741384793,,0.000617751454508015,0.0003595091980428319,,0.00021670302870029605,-0.004954914739755379,0.0008932887263335169,0.0019907608279523237,-0.0033799266727772685,,,,0.0002712273362437835,0.0004893644786637088,0.0016584443763303291,0.0007829806372627281,0.0006207867241670806,0.0007221848692159311,0.0005599750532440735,,0.00033847893173462047,0.0004079612273649512,,0.0005381694116691375,,,,,0.00043261292111211987,0.0009774841668201333,0.0005915705426726848,0.0007547844522065632,0.0004001911308663294,0.0007129178075145844,0.001034353748982152,,0.00038646388451413064,0.0006988913835428551,0.0003065436113027009
2022年8月,0.0007875784117373795,,0.0006555463866592653,0.0008366217214886289,0.0010597261761443814,0.0007914267292703967,0.0004683198498001202,0.0007023370813767828,-0.002373744323654878,0.00044472777005146347,0.0002917568603197225,0.00046237634935505884,0.0007252182479629201,,0.0005480255372919161,0.0003510359178503574,,0.0009125939190743199,-0.004433395483737311,0.0006576859968634134,0.001908145254751422,-0.002927242614489851,,,,6.015592415541083e-06,0.0004914402981044446,0.0016442723334015202,0.0008416655247152081,0.0005858979963332441,0.0004838745762824818,0.0005634795798738981,,0.0007205695368313734,0.00043153049482163404,,0.0006078455736416666,,,,,0.00047613241126227346,0.0007913390686103212,0.0005613760337762077,0.0005800894671607703,0.0002825163014658845,0.0007809617292928714,0.0008899522160073089,,0.0006313837923780497,0.0007213208969009591,0.00041140234066279084
2022年9月,0.0007403621269147964,,0.0005370760769807172,0.00026693469088690414,0.0011825039291022616,0.0004985785490123685,0.00027481322116403115,0.0004782863874473401,-0.001725713125571008,0.00033199213216874375,0.00027336967444043474,0.0004524296277611406,0.00042556150142892765,,0.0005619950825430278,0.00031248410327962967,,7.344156988699791e-06,-0.0047094001121285745,0.0008294854180535687,-0.0029843796893889033,-0.0032269217471476317,,,,0.00040029126721353027,0.000506435502206227,0.001205360324547765,0.0007772533889108979,0.0005327548793510143,0.0003310165319652574,0.000163543821766486,,0.0005803450598284143,0.00043822157781408583,,0.0009840806544471074,,,,,0.00025332988054088744,0.000380244874663396,0.0005537216483867533,0.0006599050490906508,0.00013593632943716317,0.0005683298349208441,0.0006468313428093078,,0.000624725965961032,0.0006828461781448898,0.00029374646416293135
2022年10月,0.0006608947498151343,,0.0004036496777221036,0.000442720354608206,0.00037334884211202493,0.0006280789042790181,0.0005037969155433108,0.0005367695378752337,-0.0017664172901080632,0.0003366757588984446,0.00036878345132786307,0.0003859789935406032,0.00037320638787162176,,0.0004388233825077151,0.00028341169545596583,,0.0007187705037544653,-0.004903936584710466,0.0005193016949266666,0.0007452013961567334,-0.0028075036916850493,,,,0.0003027680776068229,0.0004843162262079654,0.0009268577416064673,0.0007555446330113419,0.0004828145123864582,0.000401588610928118,0.00039307291701132235,,0.0005391613037177264,0.00043978203973055305,,0.0005560820237437153,,,,,0.0004017291327177259,0.0005897551961465294,0.0007451276105545836,0.0006893784146560845,0.00023607279128258198,0.000454733605345633,0.0006001162489337557,,0.0004475723503573406,0.0008465113429735381,0.00024776169829382287
2022年11月,0.00020962596301708376,,0.00044503002680358736,0.0002855699316828856,0.0007774221815007901,0.0005342112194463586,0.0005844950576260458,0.0005594020741541412,-0.0019770792842302796,0.00030907436388632483,0.0007153143401630107,0.0003203526346107192,0.0006580494653645048,,0.0009718518940432242,0.00025080526404419904,,0.0007543584491727123,-0.004294827259521253,0.00039020971444436167,0.0017898565644087572,-0.004238669709814151,,,,0.00021290544257982372,0.0004233428004930068,0.000607449521488952,0.0006398816035611167,0.00048151261746588243,0.0005530775118303731,0.0007177909616934007,,0.0005489041902571154,0.0004318162190171863,,0.00048802846393040976,,,,,0.0004313157341767952,0.000979957643708385,0.0005261696816008946,0.0007167967289137101,0.00036909816021314174,0.00018572354259748143,0.0003066375948129967,,0.0002320131783485302,0.0011009446862671713,2.230201387185263e-05
2022年12月,0.0002308515313891491,,0.0004042547034992613,0.008556780672800057,0.0009997346143306534,0.0002902738469860998,0.0003823849762037068,0.0006220824415993294,-0.0019164817429897115,0.00036928898973669696,0.0005177999006727166,0.00043229101501480804,0.0005559025759633032,,0.000754428204785746,0.00022210758604877768,,0.0004341708642737093,-0.0041739960048895386,0.00042392750372899194,0.0014198678928998506,-0.003838321950516281,,,,-0.0011068124815954347,0.0002765986872200768,-0.00018686318555846823,0.00021616045327225184,0.00035170692518662775,0.00044364004418023426,0.0006245742305798558,,0.0004293695430816739,0.0003136864649698753,,0.0005063324219349739,,,,,1.6757061705086884e-05,0.0007497249878593359,0.0004556026334218316,0.0007312628018026945,0.00017755655953332244,0.0003683501416192462,0.0007198792697021139,,-0.0024855724987314118,0.0008153877046836114,0.00027050787854196256
